track_id,track_name,artist_id,artist_name,album_id,duration,release_date,popularity,danceability,energy,key,loudness,mode,speechiness,acousticness,instrumentalness,liveness,valence,tempo,playlist_id,playlist_name
4nd9cEo5R4jGNcgPHDm7Ar,Marikit,6kyw9sh7ryjy1GQdPYH3Yd,Juan Caoile,5EXcm2Fs0WdsNr6bHe9i7u,263348,2020-05-21,62,0.806,0.593,11,-7.672,1,0.0745,0.574,0.0,0.0981,0.784,143.01,4nd9cEo5R4jGNcgPHDm7Ar,4nd9cEo5R4jGNcgPHDm7Ar
4YMfE4r1JWADFw2Fn74XW2,Catriona,1SrWbIDP84JcSDr0oTBAQw,Matthaios,6epJqGK57I0W0PMN2kyTso,204512,2019-12-01,59,0.71,0.388,5,-12.106,1,0.0545,0.67,0.0,0.177,0.759,114.858,4YMfE4r1JWADFw2Fn74XW2,4YMfE4r1JWADFw2Fn74XW2
13pv5UWJttg8NNplCaaOYh,Binibini,1SrWbIDP84JcSDr0oTBAQw,Matthaios,5vBydjf2nb8fTPij4rYb2D,137717,2020-03-18,57,0.851,0.352,0,-12.376,0,0.0749,0.737,0.0,0.121,0.536,115.028,13pv5UWJttg8NNplCaaOYh,13pv5UWJttg8NNplCaaOYh
6r7sdXUiKjgEx3I8GQRpSq,Chinita Girl,7Dhd8nNMvFdye1R3Y8wE6C,Lil Vinceyy,6VkTR76jTbFqzZ7xiuvaBs,238859,2020-03-06,57,0.702,0.49,1,-6.828,1,0.213,0.0618,0.0,0.076,0.59,103.021,6r7sdXUiKjgEx3I8GQRpSq,6r7sdXUiKjgEx3I8GQRpSq
4G7uzhxgKFBCJApBpuuBgU,Kabet,3ID2V4b0oGSEbwPENAsdbG,Gagong Rapper,0bFldkQiVA9IiOch2GHQGq,318040,2020-09-07,2,0.721,0.742,0,-4.967,1,0.0377,0.67,1.3e-06,0.121,0.308,79.992,4G7uzhxgKFBCJApBpuuBgU,4G7uzhxgKFBCJApBpuuBgU
54b8IPvheXDpro2VR2rWAS,Ivana,2EGJbNf0Hva2C2N6hvhMXD,Soulstice,10stEx5J17TekHdjeh9dOJ,246550,2020-01-06,56,0.87,0.483,8,-7.441,1,0.297,0.281,0.0,0.0526,0.611,100.012,54b8IPvheXDpro2VR2rWAS,54b8IPvheXDpro2VR2rWAS
6s98WLEW9A7j9vMXCXeRx7,Biglang Liko,6eGQ0qPUlGBjmRgyQ84g3f,Ron Henley,5rNcs1ONhpanMWE2sAWMLa,253000,2012-01-01,24,0.882,0.736,11,-4.547,0,0.0418,0.0681,0.000746,0.415,0.845,119.967,6s98WLEW9A7j9vMXCXeRx7,6s98WLEW9A7j9vMXCXeRx7
0BkKdJSpKqzYLEneerSHq3,Mau,6ogIjp0fsbUxlqy9q2rvrT,Shanti Dope,3azHsuEOzhMum29QnZUDqK,267013,2017-12-22,52,0.825,0.76,4,-5.286,0,0.0352,0.154,0.000346,0.079,0.537,125.069,0BkKdJSpKqzYLEneerSHq3,0BkKdJSpKqzYLEneerSHq3
1DtErFZ8cHNGUYg7IBjnqG,Dyosa,3Lm6KZ2WWaRdUNneczEhp5,Yumi Lacsamana,0QADbjA1wCp0rJ1z5tPYqC,217973,2014-03-26,44,0.698,0.877,8,-2.754,1,0.0307,0.0183,0.0357,0.129,0.639,127.976,1DtErFZ8cHNGUYg7IBjnqG,1DtErFZ8cHNGUYg7IBjnqG
0f4UsNWSkzFp0Q1UfmghXs,Bawal Lumabas - The Classroom Song,5rmy4yOHBOptMctO6t5Drl,Kim Chiu,6CdnPIywejDiAmQs0qYGiq,178812,2020-05-25,31,0.871,0.342,0,-8.734,1,0.0804,0.297,6.47e-05,0.149,0.527,100.007,0f4UsNWSkzFp0Q1UfmghXs,0f4UsNWSkzFp0Q1UfmghXs
2tR5liucorXRwduxr0qEx6,Binalewala - Original Version,6ZdzYE3CEgY0Umgi3Dsgv8,Michael Dutchi Libranda,1793zMKn7sOceKYWdN7yQX,268486,2019-10-07,58,0.501,0.57,10,-6.49,1,0.0337,0.569,0.0,0.0649,0.311,139.516,2tR5liucorXRwduxr0qEx6,2tR5liucorXRwduxr0qEx6
6LJ1p1h5EcMK4VPeCLDSoF,Nadarang,6ogIjp0fsbUxlqy9q2rvrT,Shanti Dope,7MCYCgE6fQHYkhj29FHRcY,232960,2017-12-08,59,0.839,0.535,1,-6.969,1,0.0799,0.609,0.0,0.115,0.693,118.008,6LJ1p1h5EcMK4VPeCLDSoF,6LJ1p1h5EcMK4VPeCLDSoF
0BaMZMMEG7GWrUYsoGw8Yg,Neneng B,3lFMRWaEWZlfXdBig97kks,Nik Makino,6sPZB93WloDhOq8PDNJ7UD,358015,2019-05-15,4,0.848,0.447,5,-10.56,0,0.078,0.24,0.0,0.0858,0.353,117.959,0BaMZMMEG7GWrUYsoGw8Yg,0BaMZMMEG7GWrUYsoGw8Yg
3iZB3VUDerY5P96rhBKwKr,Dalaga,0YrWkiT8pKvEu71t5Yllj7,Arvey,0JImrioMnXvn5H3mZezAjD,192940,2019-06-21,55,0.889,0.566,0,-5.942,0,0.0618,0.179,0.000537,0.0325,0.937,95.953,3iZB3VUDerY5P96rhBKwKr,3iZB3VUDerY5P96rhBKwKr
6BZLjTOKBPqhq4xpOLkjrp,Nandyan Agad Ako,2iB7AJhJmkWkkehY9ccB0j,Ex Battalion,0eLjp1QFnlSL8Oaoz17RRY,240178,2018-08-06,56,0.799,0.529,9,-9.17,1,0.0615,0.661,0.0,0.0856,0.601,128.05,6BZLjTOKBPqhq4xpOLkjrp,6BZLjTOKBPqhq4xpOLkjrp
6X7eJp4lv4ZeTkWor2wHLz,Shantidope,6ogIjp0fsbUxlqy9q2rvrT,Shanti Dope,7MCYCgE6fQHYkhj29FHRcY,211146,2017-12-08,52,0.723,0.639,1,-6.469,1,0.197,0.199,0.0,0.089,0.655,148.999,6X7eJp4lv4ZeTkWor2wHLz,6X7eJp4lv4ZeTkWor2wHLz
5f9808hpiCpuNyqqdXmpF2,Buwan,0a4r2EnsevvHCukoJ1xFwJ,juan karlos,2CF1utwLM2yXHMZhwFGVY1,343446,2018-06-22,62,0.631,0.381,7,-11.808,1,0.04,0.447,0.000171,0.0902,0.36,126.008,5f9808hpiCpuNyqqdXmpF2,5f9808hpiCpuNyqqdXmpF2
0iXmvPiarrKooyaO3E7czl,Araw Araw Love Flow G,3PDFGpPl4ienSn5Vwisfrh,Flow G,0LwljARL4prnHUaDkzFwfn,130607,2020-02-28,47,0.727,0.548,9,-10.1,1,0.305,0.831,0.0,0.173,0.792,168.131,0iXmvPiarrKooyaO3E7czl,0iXmvPiarrKooyaO3E7czl
34ob61cxp34Sf7KHK6RnSU,Sa Susunod Na Lang,0iqkVK6sTXi7DZWWOeKy8Q,PDL,79UXZq6nXVVBpZgWWxb9Gq,214606,2018-09-26,64,0.595,0.57,5,-6.232,0,0.12,0.104,0.0,0.0899,0.721,84.929,34ob61cxp34Sf7KHK6RnSU,34ob61cxp34Sf7KHK6RnSU
7pzMsgcRpO7Z1tRex3yWvO,The Zebbiaanaa,3PDFGpPl4ienSn5Vwisfrh,Flow G,0U1xf9hK45AHKLWPPSV6MT,200156,2019-12-13,49,0.521,0.349,1,-10.384,1,0.274,0.898,0.0,0.103,0.456,84.561,7pzMsgcRpO7Z1tRex3yWvO,7pzMsgcRpO7Z1tRex3yWvO
3R6Hl2e7hAyCfofRRToKAo,Malayo Ka Man,3r0NbTTxtCBUyxcIR4prXr,Jr Crown,4B3cUBkyz5jDoFzL1Lo7N2,254139,2020-03-11,63,0.87,0.597,1,-8.339,1,0.0613,0.18,0.0,0.0902,0.56,103.019,3R6Hl2e7hAyCfofRRToKAo,3R6Hl2e7hAyCfofRRToKAo
3YQp6N0vdiLEhpqKjRcN2L,Hayaan Mo Sila (Inspired by I'm the One),2iB7AJhJmkWkkehY9ccB0j,Ex Battalion,1f7QMJxxEORZAArm9IZS8X,364076,2017-08-19,0,0.724,0.684,5,-4.919,1,0.0569,0.718,0.0,0.0925,0.765,80.004,3YQp6N0vdiLEhpqKjRcN2L,3YQp6N0vdiLEhpqKjRcN2L
5sLGYJOhLP197nmkaRMMEH,Ngayong Gabi,2G7VQ1kVhVfNagytlousgm,Al James,51UmoT2xdda5pAZcRFMiot,267456,2017-08-14,57,0.865,0.628,2,-7.614,0,0.143,0.594,0.0,0.2,0.433,116.009,5sLGYJOhLP197nmkaRMMEH,5sLGYJOhLP197nmkaRMMEH
2aoiMd5FGyG5NfVDdiwjuM,Akala Ko Nung Una (feat. Future Thug),00xU4wfephkJrjwJPDvfkf,O.C. Dawgs,12M1BApkNERrP03UxO4naK,301388,2016-12-16,54,0.632,0.681,9,-3.68,1,0.0523,0.225,0.0,0.109,0.368,134.915,2aoiMd5FGyG5NfVDdiwjuM,2aoiMd5FGyG5NfVDdiwjuM
00mBzIWv5gHOYxwuEJXjOG,Sa Ngalan Ng Pag-Ibig,4qFxP3qN9GsnZDOkAE6x2m,December Avenue,7xconhHQKj7Be4P2KvUmFz,285138,2017-04-29,65,0.518,0.762,7,-3.907,1,0.0305,0.0851,0.0,0.148,0.271,155.985,00mBzIWv5gHOYxwuEJXjOG,00mBzIWv5gHOYxwuEJXjOG
21gD3c0BUpor0wkpagps6R,Bumalik Ka Na Sa'kin,4nGp682WMiKS4X217kPw8C,Silent Sanctuary,4xxRoePLdITFIhrzUhmOaQ,216386,2013-06-11,54,0.63,0.585,2,-8.581,1,0.04,0.00393,0.0,0.0749,0.794,123.99,21gD3c0BUpor0wkpagps6R,21gD3c0BUpor0wkpagps6R
58grXgbCj7t5ulr0TGLIr9,Kahit Ayaw Mo Na,5HIZU0JzM0AgfItVOm4E08,This Band,2sGiNJNhNMJbn56l0BE0R0,243015,2018-11-02,63,0.662,0.529,2,-8.539,1,0.0351,0.341,0.000208,0.105,0.424,127.584,58grXgbCj7t5ulr0TGLIr9,58grXgbCj7t5ulr0TGLIr9
3aycdSP3P2E7pb4piU4KqO,Pinagpalit,3UQp19LiNZeaMJx97j9OlX,Macaulay Sulkin,3TCtS60D4dBGkOSvmi2wTM,189440,2020-03-06,37,0.864,0.504,8,-8.981,0,0.329,0.0354,0.0,0.0877,0.877,161.98,3aycdSP3P2E7pb4piU4KqO,3aycdSP3P2E7pb4piU4KqO
7MrDfa1uQGVXx0JMZ2u5tN,Hayaan Mo Sila,2iB7AJhJmkWkkehY9ccB0j,Ex Battalion,12DwmRcztX6NAZR0vQsYUF,367229,2018-01-13,57,0.708,0.704,5,-4.747,1,0.0624,0.71,0.0,0.066,0.71,80.018,7MrDfa1uQGVXx0JMZ2u5tN,7MrDfa1uQGVXx0JMZ2u5tN
5tdjElcAN1YEjY3ScjvN0Q,Sabi Ko Na Barbie,3iw7qeDiWDu3nmXovY1EVS,Power Beats Club,7s7ovBJDpM9ZKTaF00cMz1,207307,2020-02-25,20,0.889,0.936,1,-3.361,1,0.0501,0.144,0.652,0.326,0.977,132.004,5tdjElcAN1YEjY3ScjvN0Q,5tdjElcAN1YEjY3ScjvN0Q
4T7CM071eEoHudiDShZlCJ,Tala,6aiCKnIN68hohzU3ZzNq48,Sarah Geronimo,42F8uTX1DR3OiaKVtrz3Gr,245053,2015-12-04,59,0.598,0.795,8,-1.602,1,0.0497,0.623,0.000193,0.0971,0.499,97.999,4T7CM071eEoHudiDShZlCJ,4T7CM071eEoHudiDShZlCJ
1x7DysraeqSgVgj95hHc3U,Araw-Araw Love,3PDFGpPl4ienSn5Vwisfrh,Flow G,4h5wKpTXHfEeYYZIIVOC8g,211278,2020-02-03,61,0.692,0.656,7,-7.452,0,0.0744,0.554,0.0,0.194,0.668,82.985,1x7DysraeqSgVgj95hHc3U,1x7DysraeqSgVgj95hHc3U
5DdSN5U634K0bREQEbz6VI,Dati,2P3aLwJ41aRYkyFFw2FRM7,Sam Concepcion,4WBmtqpXR1uws9d2Sg6UrZ,240600,2013,53,0.601,0.644,8,-5.741,1,0.114,0.239,0.0,0.124,0.758,183.905,5DdSN5U634K0bREQEbz6VI,5DdSN5U634K0bREQEbz6VI
0jfW1sHHxfinhSluUi200e,Kinikilig,1IJ4wDIUWLb0XLmPN79SDj,Hazel Faith,3MNDuraSWgai6qdU9j6IsE,225601,2016-05-20,41,0.776,0.689,4,-8.553,1,0.0329,0.191,1.62e-06,0.214,0.897,127.97,0jfW1sHHxfinhSluUi200e,0jfW1sHHxfinhSluUi200e
5J0obeHgIFKkPiGBPTOqLw,Panalo (Trap Cariñosa),1IQ4CjwKkdARjL5KtYiMt4,Ez Mil,0Ol4rGwMRYkGguZXHlBscR,217414,2020-07-27,52,0.676,0.776,0,-4.799,0,0.403,0.0246,0.0,0.368,0.475,139.987,5J0obeHgIFKkPiGBPTOqLw,5J0obeHgIFKkPiGBPTOqLw
7iNMzfw2couNdTNXMYG2IR,Filipina Girl,43CiK1548VVp2DT95joswS,Billy Crawford,0bBU7EKITlqetuEdnRHepO,218133,2019-03-22,51,0.57,0.463,0,-7.655,1,0.317,0.663,0.0,0.092,0.499,119.675,7iNMzfw2couNdTNXMYG2IR,7iNMzfw2couNdTNXMYG2IR
2oX05W6LxDNAUidLwUhmZT,Baby Ko Si Kulot,2FGYJ3WqsLqkv65pO5NYYQ,Guthrie Nikolao,4lX1LOZ4W5Qf7oZhzoSQA4,245280,2021-02-04,51,0.833,0.652,6,-7.303,1,0.0535,0.269,0.0,0.0368,0.96,147.05,2oX05W6LxDNAUidLwUhmZT,2oX05W6LxDNAUidLwUhmZT
3a22L5P9cix1HFNzjb3SpB,Sulyap,3r0NbTTxtCBUyxcIR4prXr,Jr Crown,651Y3kzsh0EK5I8iKLpGdJ,255530,2020-07-13,62,0.823,0.527,0,-10.771,1,0.091,0.455,0.0,0.0796,0.947,145.966,3a22L5P9cix1HFNzjb3SpB,3a22L5P9cix1HFNzjb3SpB
3us3yACYidjyZwm9to0czY,Magandang Dilag,2JyNzzFJh2wkkZo7ZjMSs2,JM Bales,7cqjb3DH3G3aLe7VEIuUkQ,237818,2020-11-20,64,0.898,0.458,6,-12.568,0,0.0463,0.07,0.0,0.387,0.748,110.014,3us3yACYidjyZwm9to0czY,3us3yACYidjyZwm9to0czY
4v2yxWNY3WCzB0YS9QJZP4,Byahe,2U5mF0PZqGu6glnz55yY0y,John Roa,6GkdhbqD0GxO1YMan6eK2b,249184,2016-09-30,73,0.682,0.471,8,-9.486,1,0.053,0.565,0.00277,0.0919,0.56,126.618,4v2yxWNY3WCzB0YS9QJZP4,4v2yxWNY3WCzB0YS9QJZP4
7bUvgvAf0tdQIty95lV5wf,Dance With You,117XFtbZPnCI1EYKjYZWJc,Skusta Clee,3SIGbTYOaRM0UHA64nUtgE,244321,2020-11-19,71,0.771,0.629,8,-7.1,1,0.0833,0.0375,0.0,0.108,0.552,116.0,7bUvgvAf0tdQIty95lV5wf,7bUvgvAf0tdQIty95lV5wf
1dcNEEtODRVZEevQ20Cgmy,Nangangamba,67IN4cLJ7798gUapyZlmac,Zack Tabudlo,4kHntHygZZcKMRXGE2k1Fw,210354,2020-08-07,75,0.62,0.547,1,-6.772,1,0.0248,0.112,0.0,0.19,0.208,98.032,1dcNEEtODRVZEevQ20Cgmy,1dcNEEtODRVZEevQ20Cgmy
3WUEs51GpcvlgU7lehLgLh,Kathang Isip,4DAcJXcjX0zlQAZAPAx4Zb,Ben&Ben,4nQxblVnnFPehg9ujzdJ8L,318814,2017-06-23,70,0.491,0.314,10,-8.58,1,0.0301,0.776,4.76e-06,0.152,0.295,126.921,3WUEs51GpcvlgU7lehLgLh,3WUEs51GpcvlgU7lehLgLh
3PLARiBoxCpJFUMZhvV63x,Dalaga,0WleeEe3UurwlNbDGhb5Yz,ALLMO$T,3WcPb5LktyXktr9ufHLm4v,297932,2018-07-23,54,0.94,0.499,8,-10.123,1,0.0825,0.535,0.000119,0.0889,0.537,109.962,3PLARiBoxCpJFUMZhvV63x,3PLARiBoxCpJFUMZhvV63x
2mwd0LWLBgtQBEOLG96nbU,Bagay Tayo,0WleeEe3UurwlNbDGhb5Yz,ALLMO$T,6r5Q4HTHG4DGcZ7mrfgaRw,397033,2018-12-04,58,0.804,0.557,0,-8.658,1,0.163,0.322,0.0,0.106,0.645,100.053,2mwd0LWLBgtQBEOLG96nbU,2mwd0LWLBgtQBEOLG96nbU
7HInAqptuH6G86hfYgez9g,Dulo,0WleeEe3UurwlNbDGhb5Yz,ALLMO$T,43YV1GCnC3CbKgyryPraQU,228038,2018-11-12,0,0.789,0.265,0,-12.67,1,0.0731,0.424,0.0,0.117,0.448,109.974,7HInAqptuH6G86hfYgez9g,7HInAqptuH6G86hfYgez9g
5P9lp3aMQws2X4MH5d3xyT,Anestisya,6MCW0S6GvMj7QaaH9sckgi,JBK,3l7C0N5eV9ZDJicL8MHAzf,236670,2019-10-04,9,0.634,0.505,10,-9.848,0,0.0266,0.587,0.0,0.115,0.479,139.669,5P9lp3aMQws2X4MH5d3xyT,5P9lp3aMQws2X4MH5d3xyT
3vGkyQlCw8LklNip0ZUELC,Nobela,70ljCILl0aVXitf3K39YvT,Join The Club,7kzETZloUVbyQLuqDnLPVV,291506,2016-04-01,62,0.358,0.548,8,-5.998,1,0.027,0.36,0.0,0.173,0.518,163.434,3vGkyQlCw8LklNip0ZUELC,3vGkyQlCw8LklNip0ZUELC
6VqZS3Wmf53pbfDBVEYvnP,Hindi Tayo Pwede,1YlibpAvhJBbMZMBwN1KGv,The Juans,2m8pNsbpAvJYe7rbRpkhFF,303937,2018-10-26,65,0.283,0.281,11,-11.414,1,0.035,0.437,0.00114,0.102,0.127,79.919,6VqZS3Wmf53pbfDBVEYvnP,6VqZS3Wmf53pbfDBVEYvnP
6YEO7K4hwGKh7BmNxMMvkc,Oks Lang,2U5mF0PZqGu6glnz55yY0y,John Roa,6c91nspPojdT3JhVNfNu9N,336369,2018-02-14,59,0.313,0.237,9,-14.538,1,0.0451,0.855,0.000386,0.0961,0.165,80.13,6YEO7K4hwGKh7BmNxMMvkc,6YEO7K4hwGKh7BmNxMMvkc
5l9g7py8RCblcvbZgGQgSd,Pagtingin,4DAcJXcjX0zlQAZAPAx4Zb,Ben&Ben,7xCcuTA3abKwxj8HwgxP7R,227370,2019-05-12,65,0.669,0.42,2,-8.464,1,0.0253,0.506,0.0,0.404,0.523,95.049,5l9g7py8RCblcvbZgGQgSd,5l9g7py8RCblcvbZgGQgSd
6C3SKl8oJbfjfJBANhuQuu,Akala,0lslA51eKXwTUY0TSX9Emy,Marion Aunor,0jKCXQ0FtJxu9B8HSBb58h,341167,2018-07-20,51,0.502,0.185,10,-11.423,1,0.0635,0.864,0.0,0.105,0.185,125.044,6C3SKl8oJbfjfJBANhuQuu,6C3SKl8oJbfjfJBANhuQuu
6p6DiqAPwMX7vdrSo30wgo,'Di Na Muli,09Xydf4dlkr29dH99DmsvQ,Janine Teñoso,4u7nLwDVRz7z0mxweMbVZ6,207018,2018-04-06,55,0.413,0.561,1,-3.092,1,0.0517,0.192,0.0,0.0914,0.352,88.69,6p6DiqAPwMX7vdrSo30wgo,6p6DiqAPwMX7vdrSo30wgo
6IdEQ3HUseBeRUYFSzSMdL,Zebbiana,117XFtbZPnCI1EYKjYZWJc,Skusta Clee,4AaygWd1ZnCzZ4ak9EM23s,304664,2019-07-26,62,0.677,0.433,8,-8.518,1,0.037,0.545,0.0,0.105,0.498,134.006,6IdEQ3HUseBeRUYFSzSMdL,6IdEQ3HUseBeRUYFSzSMdL
0yRXPoZx4gkGUYDqNwEGOM,Marikit,6kyw9sh7ryjy1GQdPYH3Yd,Juan Caoile,0GzYowLMSHYRj0rP6fBXGF,263333,2020-05-21,0,0.806,0.594,11,-7.671,1,0.0748,0.577,0.0,0.098,0.787,143.016,0yRXPoZx4gkGUYDqNwEGOM,0yRXPoZx4gkGUYDqNwEGOM
0G5qmu4TsdUH19zdcbI9Ui,Vibe With Me,1SrWbIDP84JcSDr0oTBAQw,Matthaios,5wc853BF5VXMkP8kQGUPT5,139180,2019-09-15,58,0.817,0.297,1,-13.695,1,0.0553,0.722,0.0,0.101,0.443,100.031,0G5qmu4TsdUH19zdcbI9Ui,0G5qmu4TsdUH19zdcbI9Ui
6xhFJYohao1sWHjoGl7VrZ,Chinita,060TqET6tyyfAQLXDyIDD8,Raf Davis,3ehiyMZtca1S0nyLwUGfGq,234885,2020-01-25,47,0.719,0.633,10,-8.543,1,0.0638,0.0595,0.0,0.133,0.372,163.973,6xhFJYohao1sWHjoGl7VrZ,6xhFJYohao1sWHjoGl7VrZ
3ydNaTFEI8ddeLU2L3Q9lp,Ingatan Mo,7tiYEpNsb7Jgby6NB6jKfh,Yayoi,1LMwHPksbE4Qkdk7guwrHq,268993,2019-10-24,53,0.596,0.678,0,-6.261,1,0.0349,0.765,0.0,0.112,0.795,159.962,3ydNaTFEI8ddeLU2L3Q9lp,3ydNaTFEI8ddeLU2L3Q9lp
5jLUKFlEJzOf6b6PCaohFI,I Want You Back,1SrWbIDP84JcSDr0oTBAQw,Matthaios,5aqPbNJP9Kgw3g2DzQFnNz,265247,2019-06-23,56,0.843,0.411,1,-11.46,0,0.42,0.675,0.0,0.179,0.515,94.999,5jLUKFlEJzOf6b6PCaohFI,5jLUKFlEJzOf6b6PCaohFI
4Vm7Wy7U09ZWdjtQOudjO0,Balang Araw,0XOSmu9Qn1agQULUVe0dAK,Inigo Pascual,2x3VzQwftI27rvppS1oWSr,246923,2020-06-05,35,0.555,0.723,0,-5.414,1,0.0345,0.534,2.67e-06,0.105,0.539,104.062,4Vm7Wy7U09ZWdjtQOudjO0,4Vm7Wy7U09ZWdjtQOudjO0
0mgbKyUiFC1OBgfJTupePk,Selfie Song,5aquJZfDS2FWzG39lXbEN8,Davey Langit,4Xquqc0zUjeT7aeBHzevyF,281000,2017-09-01,31,0.679,0.855,7,-4.137,1,0.0261,0.00165,0.0,0.0939,0.572,105.044,0mgbKyUiFC1OBgfJTupePk,0mgbKyUiFC1OBgfJTupePk
5en0gvJmw9GeS9Xv4rnZ7U,Heart React,0WleeEe3UurwlNbDGhb5Yz,ALLMO$T,3blIO4usvS40P4seWTQLty,311038,2020-01-24,44,0.631,0.621,10,-8.632,1,0.15,0.381,4.54e-06,0.0839,0.499,130.649,5en0gvJmw9GeS9Xv4rnZ7U,5en0gvJmw9GeS9Xv4rnZ7U
1gMvZrZgaxj2NOjB81l6yO,Dati,2j0vP8ZxbL4V0hBbHOjvrH,Tippy Dos Santos,39Sp5uAatilajtikEvJgGR,238360,2015,47,0.728,0.646,8,-6.105,1,0.0557,0.248,0.0,0.146,0.758,91.984,1gMvZrZgaxj2NOjB81l6yO,1gMvZrZgaxj2NOjB81l6yO
39fwy7Q1spclVNFeu64lgd,Walang Gana,71hhKLR9oCOsHLdRIoQ5OU,King Badger,6eVj1ow3MHMdrv55VGTUfG,200393,2019-04-24,49,0.875,0.485,8,-8.814,1,0.0743,0.419,0.0,0.105,0.861,126.074,39fwy7Q1spclVNFeu64lgd,39fwy7Q1spclVNFeu64lgd
2tzAN1L07SNwnOdgOEeuQr,Pauwi Nako,0iqkVK6sTXi7DZWWOeKy8Q,PDL,33qqYIFSFSVYO3wCkc1Ksh,341573,2018-07-28,62,0.657,0.746,1,-6.277,1,0.0464,0.0175,0.0,0.107,0.467,136.887,2tzAN1L07SNwnOdgOEeuQr,2tzAN1L07SNwnOdgOEeuQr
3Vgs7vderh6Ih8K42s3jnY,Miss Flawless,3PDFGpPl4ienSn5Vwisfrh,Flow G,75UHXQdGbI7xF21LkGWzVu,274000,2019-09-09,50,0.603,0.478,1,-9.078,1,0.246,0.131,9.8e-05,0.0924,0.408,134.997,3Vgs7vderh6Ih8K42s3jnY,3Vgs7vderh6Ih8K42s3jnY
2aJ6HclWuCI2lx9m7QBqCJ,Nakakamiss,2FvXtuMlYRrEkSF7kdAfFq,Smugglaz,4bg1hiAmTW9JEwEDmmD2ek,307252,2014-11-10,52,0.768,0.817,6,-8.243,1,0.045,0.573,3.58e-05,0.144,0.837,124.947,2aJ6HclWuCI2lx9m7QBqCJ,2aJ6HclWuCI2lx9m7QBqCJ
3rIsR2jKs5Tntk0621jFW8,Tao Lang,552jNI1kUtB1FPRZFliQxc,Loonie,20Y13ur8JoRau2UH1WcVZO,255386,2013-01-01,50,0.761,0.964,1,-2.784,1,0.069,0.243,0.0,0.221,0.807,103.032,3rIsR2jKs5Tntk0621jFW8,3rIsR2jKs5Tntk0621jFW8
0SVRfMSijOzwBeM0OGq6Yc,Kabet,2EGJbNf0Hva2C2N6hvhMXD,Soulstice,3Jd0KU3XwKmPUDwtYhGjSw,258513,2020-07-10,32,0.603,0.667,7,-5.156,1,0.0545,0.453,8.47e-05,0.311,0.79,180.079,0SVRfMSijOzwBeM0OGq6Yc,0SVRfMSijOzwBeM0OGq6Yc
1pi3VCMlGVaXvrjlVOkBPN,KLWKN,52gTrzyF0DyfkFl1DQz9Oq,Music Hero,1TmGJJPRkYoxPEAo0xFnQV,256572,2019-01-31,67,0.493,0.394,2,-6.997,1,0.0366,0.575,0.0,0.267,0.375,152.03,1pi3VCMlGVaXvrjlVOkBPN,1pi3VCMlGVaXvrjlVOkBPN
6pEyy9fNKhTineSp9oByaJ,Social Media (Damn),0WleeEe3UurwlNbDGhb5Yz,ALLMO$T,7i7NUvjS8K1BQNxcXpMx9w,382129,2020-03-28,37,0.823,0.674,2,-4.429,1,0.077,0.0846,1.47e-06,0.0557,0.749,135.081,6pEyy9fNKhTineSp9oByaJ,6pEyy9fNKhTineSp9oByaJ
1HwqhHqR60FCREzLkpnhiQ,BamBamBam,0touaoSr4QOLYxBJ9lmGgK,Karencitta,6QdET2QbmoQ0hiT8hTG82G,211182,2019-01-27,49,0.825,0.837,11,-4.397,1,0.213,0.153,0.0,0.21,0.767,120.737,1HwqhHqR60FCREzLkpnhiQ,1HwqhHqR60FCREzLkpnhiQ
3rxNuBoZ8GNLwTrtJMuY66,Kahit Ganyan Ka,3r0NbTTxtCBUyxcIR4prXr,Jr Crown,2xC4wdzpOOFMq3SWpzaT7g,250028,2020-04-03,46,0.86,0.578,9,-8.668,1,0.0459,0.261,3.31e-06,0.0817,0.422,100.975,3rxNuBoZ8GNLwTrtJMuY66,3rxNuBoZ8GNLwTrtJMuY66
2wZTwfWU6sd91TY8zXxzgH,Baka Di Tayo,7tiYEpNsb7Jgby6NB6jKfh,Yayoi,5cMvE96Epia6IYVAErPgHy,288493,2020-06-23,52,0.539,0.404,1,-8.453,1,0.0662,0.574,0.0,0.119,0.492,148.005,2wZTwfWU6sd91TY8zXxzgH,2wZTwfWU6sd91TY8zXxzgH
3bYLZQYul37wREdPWyqa9r,Panalangin,3lFMRWaEWZlfXdBig97kks,Nik Makino,0G626HzCsSdMRPgnT6Svfe,296664,2020-03-25,0,0.681,0.68,2,-8.107,1,0.0392,0.061,0.0,0.186,0.191,141.982,3bYLZQYul37wREdPWyqa9r,3bYLZQYul37wREdPWyqa9r
1hIqfuatTJEsjWfPOQ3dYp,Pag Tumingin Ka Akin Ka,11VAw1gSlLWsc2RS9UcyHk,Princess Thea,6Y8CsNBBVoEEHdWMJwZnLM,227977,2019-01-10,42,0.832,0.442,11,-9.048,0,0.0865,0.713,0.0,0.099,0.324,98.03,1hIqfuatTJEsjWfPOQ3dYp,1hIqfuatTJEsjWfPOQ3dYp
02Q2QvYL0wCBhugTxVMYTc,Binibining Dalaga,24OOezLAWogOzOGA6zinFo,Vinoh,4JNpZ9wfVuoOqVCGX1MAfY,194628,2020-07-30,7,0.829,0.571,0,-7.934,1,0.0667,0.255,0.0,0.267,0.843,147.884,02Q2QvYL0wCBhugTxVMYTc,02Q2QvYL0wCBhugTxVMYTc
66HVWqZczb2q9gF2vGodgY,Sayaw Kikay,5tRu5cxIoKA3BYCJ75cX8Y,Star Music Artist,6eXoIaODXAlOMrrkFqBhSx,259343,2004-12-06,20,0.553,0.786,10,-10.368,0,0.194,0.103,0.0,0.334,0.691,147.965,66HVWqZczb2q9gF2vGodgY,66HVWqZczb2q9gF2vGodgY
1uEW5guMnz7q1t6Fp69B1d,Tahong Ni Carla (Budots Bombtek),3iw7qeDiWDu3nmXovY1EVS,Power Beats Club,3AX5KFhsu7Q5EStSi8jUDv,366915,2020-09-01,31,0.932,0.911,1,-5.839,1,0.0561,0.0283,0.000554,0.0841,0.98,140.022,1uEW5guMnz7q1t6Fp69B1d,1uEW5guMnz7q1t6Fp69B1d
5V8o0qxXDxhZZ2HfDlq9vd,Morena Girl,05DD2jrwqfXiyDk3wDG8Yb,JustRap,5SvHcIwknh1bix0t36OdJb,269387,2020-08-07,41,0.736,0.529,11,-10.762,1,0.173,0.106,0.0,0.0886,0.225,98.002,5V8o0qxXDxhZZ2HfDlq9vd,5V8o0qxXDxhZZ2HfDlq9vd
4tWPUDJ6T5vMDBVUk41r7e,Kiat Jud Day,0VOfa8drf3sfLXmaLMX1iJ,DjKeinth,6asFNYoIIcTxldCURlbtvY,234475,2020-09-11,43,0.926,0.799,0,-6.317,1,0.0476,0.0333,0.108,0.0927,0.378,127.994,4tWPUDJ6T5vMDBVUk41r7e,4tWPUDJ6T5vMDBVUk41r7e
2YreeV0asmC6tgM4IH2g5F,Pangga,1SrWbIDP84JcSDr0oTBAQw,Matthaios,6HKEH0dCMQ3Bc7sX13bR5d,195186,2020-05-10,56,0.765,0.437,9,-12.63,1,0.073,0.861,0.0,0.113,0.535,150.041,2YreeV0asmC6tgM4IH2g5F,2YreeV0asmC6tgM4IH2g5F
3pfXzXbRJNXOT7f2IQ1s2p,Sumayaw Ka,7HJDRQAfEcFiARVehhM6qD,Gloc 9,50Da52WhXNCApJvMPG7YNg,222160,2007-03-16,40,0.775,0.641,0,-10.825,1,0.0621,0.0377,0.0,0.0424,0.806,120.053,3pfXzXbRJNXOT7f2IQ1s2p,3pfXzXbRJNXOT7f2IQ1s2p
22J11hk99ZEcWGcEc9wszk,Need You,2iB7AJhJmkWkkehY9ccB0j,Ex Battalion,1f7QMJxxEORZAArm9IZS8X,354071,2017-08-19,0,0.637,0.596,1,-6.864,1,0.127,0.484,0.0,0.102,0.291,74.635,22J11hk99ZEcWGcEc9wszk,22J11hk99ZEcWGcEc9wszk
5sSmsk6I2P6SjwHRHajbo4,Sandali,0n4a5imdLBN24fIrBWoqrv,Because,41TtneJon3lhYMnJKTsL1q,269217,2018-05-07,0,0.801,0.377,0,-14.957,1,0.0807,0.237,5.48e-06,0.451,0.388,115.035,5sSmsk6I2P6SjwHRHajbo4,5sSmsk6I2P6SjwHRHajbo4
0Iu5xWN9wtWHp5daIj0Mjb,'Di Lahat,1dpv0XBdgUa5z4vzn7ahIz,Donnalyn,3QxcPmbxKj6qFK3NqDexA7,234893,2018-10-05,45,0.686,0.731,6,-6.765,1,0.0428,0.281,0.0219,0.0964,0.433,94.008,0Iu5xWN9wtWHp5daIj0Mjb,0Iu5xWN9wtWHp5daIj0Mjb
3qlqxSrT6w6m4bvbGrY8NP,Hindi Ako,1dpv0XBdgUa5z4vzn7ahIz,Donnalyn,3QxcPmbxKj6qFK3NqDexA7,289454,2018-10-05,27,0.576,0.682,0,-7.634,1,0.0485,0.22,0.0,0.107,0.351,82.472,3qlqxSrT6w6m4bvbGrY8NP,3qlqxSrT6w6m4bvbGrY8NP
00QxPiv5tWA0DivDF4bFzR,Baliw Sayo (feat. Bosx1ne),2U5mF0PZqGu6glnz55yY0y,John Roa,6GkdhbqD0GxO1YMan6eK2b,287089,2016-09-30,52,0.549,0.554,1,-6.637,1,0.0454,0.846,3.17e-05,0.094,0.687,127.935,00QxPiv5tWA0DivDF4bFzR,00QxPiv5tWA0DivDF4bFzR
4zTMaagWnnl6700UOkftOT,Parokyana,1vcXQE9gZOF9PCAtdtT51L,Geo Ong,5FVm2zC1xUSiGQgVGTORYU,214093,2018-12-21,0,0.758,0.703,2,-6.693,1,0.258,0.0994,2.73e-05,0.0799,0.75,175.994,4zTMaagWnnl6700UOkftOT,4zTMaagWnnl6700UOkftOT
5hCJIUsAqjKFlvKrvCcUIb,Need You,3xbpJdoJDLAfYn3ZeLlukg,Bosx1ne,5RwnUKpQTBJCgJrS9jJin8,354071,2017-01-21,58,0.637,0.596,1,-6.864,1,0.127,0.484,0.0,0.102,0.291,74.635,5hCJIUsAqjKFlvKrvCcUIb,5hCJIUsAqjKFlvKrvCcUIb
3BNwUaRo3w1teVSkd69sL8,Bounty,2iB7AJhJmkWkkehY9ccB0j,Ex Battalion,7tIw7KRQtZsDvHrGJUQeEv,354087,2020-02-10,52,0.847,0.584,0,-7.617,1,0.0412,0.0644,0.0,0.0804,0.235,132.009,3BNwUaRo3w1teVSkd69sL8,3BNwUaRo3w1teVSkd69sL8
19AlSgwI1midC2PU1TDkeF,Pekeng Kaibigan,1vcXQE9gZOF9PCAtdtT51L,Geo Ong,3A5uVKYCA9EJ6AIIIvHvdc,249085,2019-02-11,47,0.953,0.58,4,-9.069,1,0.187,0.315,0.0,0.108,0.765,126.057,19AlSgwI1midC2PU1TDkeF,19AlSgwI1midC2PU1TDkeF
1JDYiEKUPc8FRqxN5uf4F0,Pwede Ba - Cover Version,2G7VQ1kVhVfNagytlousgm,Al James,7iejN1Jy4kzjBHkf2n61o0,224880,2019-10-20,48,0.685,0.628,5,-7.488,1,0.0334,0.648,0.0122,0.0965,0.471,134.062,1JDYiEKUPc8FRqxN5uf4F0,1JDYiEKUPc8FRqxN5uf4F0
0LlJbV4lyzJYE14YCwTURf,Tampo,0WleeEe3UurwlNbDGhb5Yz,ALLMO$T,1l836I58cBohejUnDVnEUH,321274,2020-05-23,39,0.763,0.409,1,-9.205,1,0.127,0.3,2.95e-06,0.121,0.567,150.225,0LlJbV4lyzJYE14YCwTURf,0LlJbV4lyzJYE14YCwTURf
5FPcHCTDsdfrU8SVeXoxyS,Dito Ka Lang,45GqSja1kI92nc4BKJa9qz,Cash Koo,2BN8cuoIdwGc0CbjRusk41,253341,2020-05-19,29,0.807,0.446,11,-9.26,0,0.0526,0.694,0.00582,0.0773,0.42,91.02,5FPcHCTDsdfrU8SVeXoxyS,5FPcHCTDsdfrU8SVeXoxyS
7eOaBnONEvJMetjxgMiVGO,Bisaya,0CLdPh0gCvXGzPTLGn8f6n,Kuya Bryan,1loiQUx954tVhNnTr5vWyb,209978,2018-11-16,34,0.687,0.864,0,-4.262,1,0.0415,0.263,0.0,0.272,0.936,89.956,7eOaBnONEvJMetjxgMiVGO,7eOaBnONEvJMetjxgMiVGO
5LZqOdfYUXunyhHmPqGI6j,Lexi,3lFMRWaEWZlfXdBig97kks,Nik Makino,3AJQxCvbthwcS1zgkjHjA0,229067,2018-08-06,4,0.704,0.481,5,-11.796,1,0.372,0.00265,0.0,0.11,0.178,74.991,5LZqOdfYUXunyhHmPqGI6j,5LZqOdfYUXunyhHmPqGI6j
3sWLOFGI7dNN6YBM1m1RKB,Miracle Nights,0WleeEe3UurwlNbDGhb5Yz,ALLMO$T,11gmNcKrZsOdtpQWT1GDvt,374117,2019-08-24,60,0.883,0.569,1,-8.727,1,0.0617,0.543,6.64e-05,0.0777,0.545,101.999,3sWLOFGI7dNN6YBM1m1RKB,3sWLOFGI7dNN6YBM1m1RKB
3u9tIlAnygQGNJ5VuSvTfi,Bagay Tayo,0WleeEe3UurwlNbDGhb5Yz,ALLMO$T,7EyFdHaGHh73lOZz1zuFTe,397033,2018-12-04,0,0.804,0.557,0,-8.658,1,0.163,0.322,0.0,0.106,0.645,100.053,3u9tIlAnygQGNJ5VuSvTfi,3u9tIlAnygQGNJ5VuSvTfi
2kRjoaqiyeS0Faus5wKztH,Ikaw Lang,6gcteR920pLEynlHzjSRYd,Kiyo,3EMkSD7V6DOoEAwk9pnOfa,241658,2019-05-10,62,0.705,0.499,7,-8.554,1,0.0714,0.317,1.64e-05,0.131,0.5,79.992,2kRjoaqiyeS0Faus5wKztH,2kRjoaqiyeS0Faus5wKztH
0yKorzbOVX0tTAqLklWW9o,Sama-Sama,2iB7AJhJmkWkkehY9ccB0j,Ex Battalion,2BkUkPHJGdOTKjvRHLbQiv,308332,2019-04-12,48,0.723,0.82,0,-5.592,1,0.105,0.102,0.0,0.218,0.852,66.993,0yKorzbOVX0tTAqLklWW9o,0yKorzbOVX0tTAqLklWW9o
0khTAbrJ2PkIs3z4Ne1w3O,Chito,1SrWbIDP84JcSDr0oTBAQw,Matthaios,30a2xwaLkRq4htOBTpRGvw,263993,2020-02-09,37,0.808,0.477,5,-13.901,1,0.0663,0.768,0.0,0.108,0.677,140.067,0khTAbrJ2PkIs3z4Ne1w3O,0khTAbrJ2PkIs3z4Ne1w3O
6WtBVDL02RRvWlvzF4sjE9,Cutie Uyyy,1IFBgp2dkXquUYSNEY6hK7,Soulthrll,519M0SHECHX0PcHX9DSPqu,134400,2020-02-09,59,0.697,0.441,0,-7.907,1,0.0652,0.0759,2.34e-05,0.122,0.387,75.045,6WtBVDL02RRvWlvzF4sjE9,6WtBVDL02RRvWlvzF4sjE9
1iV24xOkfxyD2Jb0NCC1Fj,"Come with Me (feat. Bosx1ne, Flow-G, King Badger & Jroa)",2iB7AJhJmkWkkehY9ccB0j,Ex Battalion,5eMwpHWNJ5j92ouBflLaaa,340606,2017-04-13,52,0.555,0.448,0,-9.133,1,0.363,0.527,3.65e-05,0.0497,0.749,65.757,1iV24xOkfxyD2Jb0NCC1Fj,1iV24xOkfxyD2Jb0NCC1Fj
493h85YXHYDKA9jXhUxajA,No Games (feat. King Badger & Skusta Clee),2iB7AJhJmkWkkehY9ccB0j,Ex Battalion,1T64gDVSKpZd7uAzCtDL1a,329432,2016-09-25,51,0.8,0.526,0,-8.344,0,0.0473,0.174,0.0,0.203,0.489,99.019,493h85YXHYDKA9jXhUxajA,493h85YXHYDKA9jXhUxajA
7pa4kToAE3b6Gtk7fWrsLl,Dati (feat. Skusta Clee),2U5mF0PZqGu6glnz55yY0y,John Roa,6GkdhbqD0GxO1YMan6eK2b,197192,2016-09-30,59,0.522,0.495,9,-8.209,1,0.0347,0.734,0.0,0.05,0.707,167.842,7pa4kToAE3b6Gtk7fWrsLl,7pa4kToAE3b6Gtk7fWrsLl
3vObcAVPmiKWrhBmT4Uii0,Follow My Lead,2iB7AJhJmkWkkehY9ccB0j,Ex Battalion,6vQ7C8JlVHGM0aCItSfMQd,277207,2018-06-04,46,0.699,0.674,7,-5.627,0,0.0328,0.277,0.0,0.0427,0.488,100.056,3vObcAVPmiKWrhBmT4Uii0,3vObcAVPmiKWrhBmT4Uii0
4JuxOXEG09Q90L6L7LnjI1,Kakaiba (feat. Jroa & Skusta Clee),2iB7AJhJmkWkkehY9ccB0j,Ex Battalion,0E3dRIafaFd8Sw3ObGSphx,302803,2016-06-05,50,0.744,0.439,11,-9.651,0,0.0802,0.425,0.0,0.0826,0.237,97.043,4JuxOXEG09Q90L6L7LnjI1,4JuxOXEG09Q90L6L7LnjI1
2s0J4vET9yA9oBDAWQWZzy,Tell Me,2iB7AJhJmkWkkehY9ccB0j,Ex Battalion,3qxndUfYdozuLtLxo2eWXk,299730,2016-12-06,46,0.815,0.677,2,-6.256,1,0.0614,0.538,0.0,0.104,0.908,100.019,2s0J4vET9yA9oBDAWQWZzy,2s0J4vET9yA9oBDAWQWZzy
30iCOQtdPbUTUGl9dpVZ2J,Ganda Mo,4XgWAOxOyEes5P475qx9u5,Cue C,2hNPKANkMo9dALm77y2xDu,285594,2016-03-17,41,0.596,0.895,6,-6.557,1,0.0312,0.000383,0.0,0.317,0.365,115.964,30iCOQtdPbUTUGl9dpVZ2J,30iCOQtdPbUTUGl9dpVZ2J
5gpiazmHWWCRacjoyvBrHQ,Kakaibabe,1dpv0XBdgUa5z4vzn7ahIz,Donnalyn,2r42UrLkyYE70KtFiDbqu0,210520,2014-08-20,0,0.82,0.833,6,-5.908,1,0.137,0.359,0.0007,0.225,0.916,93.006,5gpiazmHWWCRacjoyvBrHQ,5gpiazmHWWCRacjoyvBrHQ
3xcoNt6pVrN0YyIG7B3IrJ,Kahit Bata Pa Ako,30WmJkQ2BeBNgb27jhf11u,Aikee,1nirVyg21qiHfp3xe8k8xc,239653,2005-02-02,38,0.876,0.499,8,-6.254,1,0.0994,0.14,1.51e-05,0.444,0.886,90.995,3xcoNt6pVrN0YyIG7B3IrJ,3xcoNt6pVrN0YyIG7B3IrJ
3LVCKSWtF8xJ56n2JFsoY3,Pasipsip Naman (feat. Eman & Third Flo'),74yfTxb5doXjUcv0g1DaMi,Abaddon,5C19nnd3PMkroEp1poXMbp,323489,2015-04-06,38,0.719,0.699,8,-5.289,1,0.0434,0.4,0.0,0.17,0.794,138.839,3LVCKSWtF8xJ56n2JFsoY3,3LVCKSWtF8xJ56n2JFsoY3
42pSuQfjbOQ63EoBjEjWQQ,Di Ako Fuckboy (feat. Agsunta),2U5mF0PZqGu6glnz55yY0y,John Roa,59XkeASPB6jWvhcoqsCVLV,271123,2017-06-01,50,0.641,0.381,7,-12.189,1,0.0431,0.809,0.0,0.201,0.536,91.052,42pSuQfjbOQ63EoBjEjWQQ,42pSuQfjbOQ63EoBjEjWQQ
5z4c50NuWmZaF1uyrUqAN6,The Love,3PDFGpPl4ienSn5Vwisfrh,Flow G,5u60NMWV0tKhLz5Trp1hXr,250615,2019-09-28,42,0.629,0.0474,11,-21.211,1,0.146,0.93,0.0,0.15,0.824,115.816,5z4c50NuWmZaF1uyrUqAN6,5z4c50NuWmZaF1uyrUqAN6
0ni3zpHyLnwNn4PGBLcvmf,Baliw Sayo (feat. Bosx1ne),2U5mF0PZqGu6glnz55yY0y,John Roa,5tSsv6v1o4YZuwUClaOPcg,287089,2016-08-01,31,0.549,0.554,1,-6.637,1,0.0454,0.846,3.17e-05,0.094,0.687,127.935,0ni3zpHyLnwNn4PGBLcvmf,0ni3zpHyLnwNn4PGBLcvmf
6n5ejwYGkCRimsj1anvShG,Larawan (feat. Flow G),2U5mF0PZqGu6glnz55yY0y,John Roa,6GkdhbqD0GxO1YMan6eK2b,338558,2016-09-30,55,0.607,0.522,9,-7.543,1,0.0587,0.7,0.0,0.196,0.665,138.308,6n5ejwYGkCRimsj1anvShG,6n5ejwYGkCRimsj1anvShG
1jRUUq9FroLzFGA583WE9u,Dahil Sayo,021sXp6RH5MQCCp2hmal6q,Jom,35wfOMotxRtTrCEgVyBLwg,244138,2020-02-23,44,0.485,0.389,6,-10.154,1,0.0301,0.302,0.0,0.111,0.269,135.02,1jRUUq9FroLzFGA583WE9u,1jRUUq9FroLzFGA583WE9u
0jOsUoldr0TqjONy45TWis,You & I,2qCwqpQzlQTlFIIggAQS9l,Ijiboy,3wHnC2gDO7BvEFMfRBowvr,300444,2020-03-13,40,0.772,0.587,8,-6.94,0,0.051,0.0748,0.0,0.76,0.807,135.042,0jOsUoldr0TqjONy45TWis,0jOsUoldr0TqjONy45TWis
4SFF8G6ChXamQ2lxcabDEd,Unreleased,4sMPx4jHZiz0t9UgPsCnoF,Kakaiboys,6YaIR9Q9H5gtIPEufm5R5b,312891,2018-04-09,46,0.657,0.56,7,-9.167,1,0.189,0.39,0.0,0.0809,0.866,179.764,4SFF8G6ChXamQ2lxcabDEd,4SFF8G6ChXamQ2lxcabDEd
72fNF3cEskOhW1sgg0igZ6,HBD (Birthday Mo),1dpv0XBdgUa5z4vzn7ahIz,Donnalyn,3QxcPmbxKj6qFK3NqDexA7,378666,2018-10-05,36,0.783,0.827,7,-5.159,1,0.115,0.11,7.19e-06,0.158,0.463,90.002,72fNF3cEskOhW1sgg0igZ6,72fNF3cEskOhW1sgg0igZ6
2ChNhxPNElIYwco8tzxD4u,Parokyana Beatbox,3tZ0L4lq5uQ0hGtxLu7ZrU,krisostomo,5QcF6QDX4jb77GDtc8iufV,182088,2019-08-26,4,0.924,0.503,11,-11.931,0,0.32,0.329,0.0375,0.248,0.581,91.938,2ChNhxPNElIYwco8tzxD4u,2ChNhxPNElIYwco8tzxD4u
0Go1Yiv0iIjmckmoI6gqnG,"Simpleng Tao - From ""James and Pat and Dave",3BdpcQRF27n7ZNSL386mNU,Zephanie,3y3Sqt0vVyyCUpSxwzEptl,257009,2020-02-07,37,0.706,0.527,11,-11.349,1,0.0671,0.542,0.0,0.258,0.803,168.003,0Go1Yiv0iIjmckmoI6gqnG,0Go1Yiv0iIjmckmoI6gqnG
1HZETd9DQYd2mIoXAK97x2,Goldigs (Masaya Na Ko),2eFq1Ymf6ppzrdKxt0OpY4,Henyong Makata,5w75w41BCZix9FQxL0qMMH,233781,2020-05-12,39,0.974,0.69,1,-7.736,0,0.0601,0.155,0.0,0.0681,0.914,109.984,1HZETd9DQYd2mIoXAK97x2,1HZETd9DQYd2mIoXAK97x2
671suf2fwop4hOskg6wAoY,Ikaw Kase,2iB7AJhJmkWkkehY9ccB0j,Ex Battalion,0eLjp1QFnlSL8Oaoz17RRY,390112,2018-08-06,50,0.744,0.679,0,-9.315,1,0.0885,0.773,5.3e-06,0.109,0.873,80.01,671suf2fwop4hOskg6wAoY,671suf2fwop4hOskg6wAoY
5hnkbJ7dztkbgBmS1BbWhO,Dalaga - Stripped,0WleeEe3UurwlNbDGhb5Yz,ALLMO$T,0S1AE7S38yjUw52bGAdnYf,303557,2018-08-02,0,0.745,0.493,5,-9.274,0,0.115,0.837,0.000116,0.114,0.392,110.074,5hnkbJ7dztkbgBmS1BbWhO,5hnkbJ7dztkbgBmS1BbWhO
5Ptw2wrwzIJauYhxQUaQK9,Trip Lang,5GdspZ491zr64zzwVJJjJZ,Shehyee,0gRGi5HWiDXdISTEPl2jBt,182773,2013-10-11,44,0.751,0.907,7,-4.73,1,0.0304,0.0384,7.13e-06,0.111,0.556,130.04,5Ptw2wrwzIJauYhxQUaQK9,5Ptw2wrwzIJauYhxQUaQK9
2RgD3eO4IIGF16rR8Ch8OV,Hindi Na Nga,5HIZU0JzM0AgfItVOm4E08,This Band,1NbGA8Cinz1V3OmYKzq7eR,282442,2018-09-14,59,0.396,0.413,7,-11.566,1,0.0334,0.0877,2.95e-05,0.124,0.108,136.818,2RgD3eO4IIGF16rR8Ch8OV,2RgD3eO4IIGF16rR8Ch8OV
44jJiCwGdnqqCkgqlvCIdp,Miloves (Otw Sayo),71hhKLR9oCOsHLdRIoQ5OU,King Badger,2Cn8NCS7dAmLMNat4xBL1R,242844,2020-03-09,57,0.766,0.514,11,-10.573,1,0.101,0.239,8.15e-06,0.0879,0.682,136.027,44jJiCwGdnqqCkgqlvCIdp,44jJiCwGdnqqCkgqlvCIdp
0TsvuQ4VYlaaZpVq4yOEEk,Napagod Na,5BkHauWjH56gTHp4gk2EBf,Yakusaaa,4wn9FAPHIPxJwDAh3doONa,180585,2020-01-26,29,0.486,0.341,9,-14.763,1,0.182,0.409,0.0,0.0801,0.469,77.416,0TsvuQ4VYlaaZpVq4yOEEk,0TsvuQ4VYlaaZpVq4yOEEk
3Qdnzb5cFjfFxgwQbLXCKM,Paligoy-ligoy,17Do37U0HEbxu1tOrKH8dL,Nadine Lustre,4xnbG5wxTg7JYnjVojdzaf,198533,2014-03-19,40,0.761,0.79,5,-4.47,1,0.0273,0.03,0.0,0.0445,0.937,98.016,3Qdnzb5cFjfFxgwQbLXCKM,3Qdnzb5cFjfFxgwQbLXCKM
3IxiZDn13d4jMLRgBBSLgH,Halo Halo,0etbdwzpEQsBS8nzcs8hho,SB NewGen,35DzzOR7nvVoukUreUzN96,168364,2020-08-28,15,0.748,0.551,0,-6.687,1,0.077,0.00822,1.15e-06,0.109,0.358,100.005,3IxiZDn13d4jMLRgBBSLgH,3IxiZDn13d4jMLRgBBSLgH
3ZoHHYydoQNWIKdP59knYA,Pajama Party,1HkpK55jsORzgtOURbOeQH,1096 Gang,6bTUbqEPiSNLbOLTSmKGDP,323476,2021-01-09,39,0.752,0.607,11,-9.236,1,0.123,0.091,0.0,0.25,0.765,88.021,3ZoHHYydoQNWIKdP59knYA,3ZoHHYydoQNWIKdP59knYA
6xqUWUOWCiww4SxLG9CCGT,Gugmang Ga Aso-Aso,0Of9D7A7yeMBccXYxLb3st,DJ Rowel,2eaBurgOZOGc88xHGu7PLv,223047,2020-10-09,44,0.885,0.677,11,-9.6,1,0.0641,0.00716,0.000501,0.122,0.801,139.93,6xqUWUOWCiww4SxLG9CCGT,6xqUWUOWCiww4SxLG9CCGT
6nIXSvAUG9QlwrUgllmXFJ,Ikaw Ra Gang,0DBdeqMrwMOQtnVCswSYX6,Dj Rowel,1zN6Kl8xb6UMiwz3XsXfTO,235116,2020-09-18,37,0.861,0.624,9,-7.289,1,0.0421,0.0582,1.92e-06,0.12,0.961,140.047,6nIXSvAUG9QlwrUgllmXFJ,6nIXSvAUG9QlwrUgllmXFJ
4lYh0Rtm45wdlwtjCPDgD6,Na-Akit,2eFq1Ymf6ppzrdKxt0OpY4,Henyong Makata,7Fu9eZ72pzYQLCy09wFeh8,255399,2020-05-23,46,0.688,0.478,9,-12.732,1,0.545,0.622,0.0,0.152,0.852,169.844,4lYh0Rtm45wdlwtjCPDgD6,4lYh0Rtm45wdlwtjCPDgD6
0knRQzgvbUed6K74mX81hG,Kabilang Buhay,4slXciON4jYY6mqE9LjSFx,Bandang Lapis,1bXVfDuQen1YkHWKudAi2c,325024,2020-03-20,64,0.389,0.352,1,-14.428,0,0.0301,0.251,5.4e-06,0.197,0.203,139.647,0knRQzgvbUed6K74mX81hG,0knRQzgvbUed6K74mX81hG
1ZVtBCjGpGmTLWyDn9AFc6,My Morena Girl,1vvD9XGQVmNtKsyPW7TFcZ,Hey Joe Show,6uqK24XRUJNiEwgHxsNmdp,238320,2017-01-11,48,0.768,0.374,1,-11.811,1,0.0367,0.442,0.00061,0.114,0.617,125.039,1ZVtBCjGpGmTLWyDn9AFc6,1ZVtBCjGpGmTLWyDn9AFc6
6bMSUhAmaAGTb5RTTuzWE3,Simpleng Tao,7HJDRQAfEcFiARVehhM6qD,Gloc 9,4OS6H3C1zimI6QPXA9MXvG,244600,2003-09-01,59,0.753,0.686,1,-5.994,1,0.0409,0.18,0.0153,0.0472,0.962,88.009,6bMSUhAmaAGTb5RTTuzWE3,6bMSUhAmaAGTb5RTTuzWE3
3y9yjy3jfngNoC8WEZRtPS,Hinahanap Ng Puso,7HJDRQAfEcFiARVehhM6qD,Gloc 9,4OS6H3C1zimI6QPXA9MXvG,262560,2003-09-01,54,0.707,0.552,7,-6.983,1,0.0294,0.0162,0.00196,0.191,0.528,140.026,3y9yjy3jfngNoC8WEZRtPS,3y9yjy3jfngNoC8WEZRtPS
5WPhleIUVAgNVLBdD9Xa2m,Ginalingan,2iB7AJhJmkWkkehY9ccB0j,Ex Battalion,0eLjp1QFnlSL8Oaoz17RRY,299242,2018-08-06,43,0.79,0.8,8,-5.547,1,0.118,0.594,0.0,0.0439,0.861,98.029,5WPhleIUVAgNVLBdD9Xa2m,5WPhleIUVAgNVLBdD9Xa2m
2FNlShWesN6X6LXVTbvk5t,Sasamahan Kita (Araw-Araw Ng Puso) [Part 2],021sXp6RH5MQCCp2hmal6q,Jom,5eeSI5BjG3mDNhiUrPL9zO,284062,2021-02-14,57,0.496,0.511,1,-6.735,1,0.0284,0.677,0.0,0.339,0.346,75.711,2FNlShWesN6X6LXVTbvk5t,2FNlShWesN6X6LXVTbvk5t
65da2sMuAyFZiBuw2uF36H,Sexing Maliit,0WleeEe3UurwlNbDGhb5Yz,ALLMO$T,2sKvEB7sGCatQ34pW3ab1w,273792,2021-01-25,53,0.72,0.781,4,-4.767,0,0.0527,0.488,5.23e-05,0.165,0.875,82.018,65da2sMuAyFZiBuw2uF36H,65da2sMuAyFZiBuw2uF36H
4Qs3DkTFVG1QiOwd0BUa9o,Wag Na Lang,7dxr6AabRWhsfYRyVJlErK,MC Einstein,2i6J4eUkAPnOSP6MECcNNJ,232380,2020-09-04,64,0.784,0.529,5,-5.156,0,0.0385,0.115,0.0,0.119,0.465,126.026,4Qs3DkTFVG1QiOwd0BUa9o,4Qs3DkTFVG1QiOwd0BUa9o
7HgdhkoIft0UBatXbrLW51,Catching Feelings,0XOSmu9Qn1agQULUVe0dAK,Inigo Pascual,4e6m43YqXErwPF1SLc28FJ,159304,2019-08-02,57,0.64,0.555,11,-6.964,0,0.107,0.355,0.0,0.0924,0.53,172.11,7HgdhkoIft0UBatXbrLW51,7HgdhkoIft0UBatXbrLW51
0dXNdqwr95JqHfNV5r0yo5,Pia,1My8k9XMR2leufMP9LPNmT,BLYMLDT,1f8g7c29pJBsWErSWzNDmq,223800,2020-01-12,22,0.84,0.631,3,-8.391,1,0.118,0.474,0.0,0.0923,0.66,100.011,0dXNdqwr95JqHfNV5r0yo5,0dXNdqwr95JqHfNV5r0yo5
47UUjZbqZjcrzELnFBB1Ht,Teka Lang,3FwNjtXQCdxpDOXmgJQGnG,Emman,0rceew9Oyt5S1NCUaou2Zm,196582,2020-03-25,64,0.586,0.169,2,-15.515,1,0.0324,0.76,0.0,0.0909,0.197,87.003,47UUjZbqZjcrzELnFBB1Ht,47UUjZbqZjcrzELnFBB1Ht
1k2sk3NuZxy06Os3KTAnA2,Walwal,2OYCiru0FZMaAXWn6eL7MA,VVS Collective,4ms56vqH8rluHvEBgWCuNv,414647,2019-09-05,55,0.673,0.533,5,-9.498,0,0.0416,0.092,1.72e-05,0.12,0.384,160.026,1k2sk3NuZxy06Os3KTAnA2,1k2sk3NuZxy06Os3KTAnA2
6VpGTmhXbWvwyprnVNdP3Q,Need You,3ISv345HfAIammuK1pVV9d,Muffin,2Gctvs6lj8CbyDlRgHhOzz,358791,2018-03-08,0,0.585,0.574,6,-10.252,1,0.0326,0.365,0.0,0.104,0.508,147.992,6VpGTmhXbWvwyprnVNdP3Q,6VpGTmhXbWvwyprnVNdP3Q
37hmZirFpkUcMNlkf5i60r,O Pag-ibig,69ug07KFFRhcCZ7iZ1Mn1i,Bailey May,5SdHH6qhz9PElhCLt3OZTK,217453,2015-03-07,36,0.609,0.516,0,-6.94,1,0.0277,0.0386,0.0,0.234,0.61,170.017,37hmZirFpkUcMNlkf5i60r,37hmZirFpkUcMNlkf5i60r
0HYmOF3tCkYejosr1HTMhV,Filipina Girl,43CiK1548VVp2DT95joswS,Billy Crawford,5QjWKAuUgWhrNzmJEwUDxJ,216415,2019-02-20,0,0.625,0.468,0,-7.59,1,0.255,0.649,0.0,0.0975,0.51,120.438,0HYmOF3tCkYejosr1HTMhV,0HYmOF3tCkYejosr1HTMhV
5dE2M9Q15O1JMeOODNNgIm,"Bat Ngayon?, Pt.1",6vCnF48qqPHgVMBEvcbgkU,CLR,0TOj6v7D9mPLfDOsZnqnhb,217286,2018-04-01,31,0.835,0.497,9,-7.439,0,0.0985,0.609,0.000173,0.135,0.717,104.99,5dE2M9Q15O1JMeOODNNgIm,5dE2M9Q15O1JMeOODNNgIm
69Ym47oc2XjOy700ISvUNL,Love,1juIpte4oHJ5ngVLPTUPuJ,Justin Vasquez,6tMTYfZYymR2sXW117w0nh,216946,2018-04-01,52,0.795,0.463,4,-8.002,0,0.052,0.575,0.0,0.27,0.336,115.995,69Ym47oc2XjOy700ISvUNL,69Ym47oc2XjOy700ISvUNL
1xQ6trAsedVPCdbtDAmk0c,Savage Love (Laxed - Siren Beat),56mfhUDKa1vec6rSLZV5Eg,Jawsh 685,1XMw3pBrYeXzNXZXc84DNw,171374,2020-06-11,85,0.767,0.481,0,-8.52,0,0.0803,0.234,0.0,0.269,0.761,150.076,1xQ6trAsedVPCdbtDAmk0c,1xQ6trAsedVPCdbtDAmk0c
6UQ2RdJlPpTEWf79SiBlud,Tinotoyo,3r0NbTTxtCBUyxcIR4prXr,Jr Crown,6NuOMweXy5WylpUseo1C1n,270842,2020-04-24,51,0.766,0.587,0,-9.563,1,0.0749,0.144,1.39e-06,0.16,0.567,144.031,6UQ2RdJlPpTEWf79SiBlud,6UQ2RdJlPpTEWf79SiBlud
1Xg76rrdXgjYcg8sHRjr3W,Pinay Na Sobrang Fine,3Ly8yKs8JYWtEURid2w3Mw,Kyle Zagado,3HGkqWyHYOfkbrPZx17yU0,219850,2020-01-07,50,0.763,0.496,5,-7.022,0,0.0409,0.276,1.48e-06,0.0912,0.726,87.986,1Xg76rrdXgjYcg8sHRjr3W,1Xg76rrdXgjYcg8sHRjr3W
1ySFQKpX0WyhwFTGxB0ASQ,Fuck Buddy (feat. Skusta Clee),2iB7AJhJmkWkkehY9ccB0j,Ex Battalion,1f7QMJxxEORZAArm9IZS8X,235592,2017-08-19,0,0.701,0.559,4,-8.412,1,0.0855,0.698,0.0,0.0727,0.67,142.098,1ySFQKpX0WyhwFTGxB0ASQ,1ySFQKpX0WyhwFTGxB0ASQ
1x8pFCRfBnDqckyB6mlZci,Titig,7dxr6AabRWhsfYRyVJlErK,MC Einstein,4tk561oaKN5jhKhu8XuP1W,259114,2019-12-15,64,0.797,0.447,8,-8.452,1,0.28,0.146,0.0,0.0877,0.645,79.003,1x8pFCRfBnDqckyB6mlZci,1x8pFCRfBnDqckyB6mlZci
7xJ3VASYirHyuTpxDvTVbV,Maikee's Letters,3KovZIDNYgQY8chiNZo2ZF,Just Hush,2CezmL4N05N3YWIo4iH8jT,300893,2018-05-25,59,0.707,0.503,0,-8.266,1,0.0742,0.171,0.00197,0.0586,0.295,121.931,7xJ3VASYirHyuTpxDvTVbV,7xJ3VASYirHyuTpxDvTVbV
6jZBYN0CFwshqb6i3m4HOL,Rawstarr 'Til I Die,1d8sE3eKAsuUHShVmIwK6d,Psychedelic Boyz,1QqdaslcqDElQ1Td4lXpXv,241423,2019-05-21,46,0.577,0.854,11,-4.13,1,0.262,0.0728,0.0,0.337,0.624,84.08,6jZBYN0CFwshqb6i3m4HOL,6jZBYN0CFwshqb6i3m4HOL
6Fh0xf6gIgBJ5FyjAZmmI8,LATINA,2G7VQ1kVhVfNagytlousgm,Al James,1tPqEy6tzVE1eHy0vjbW78,211406,2019-07-19,54,0.841,0.704,4,-5.062,0,0.0393,0.164,1.33e-05,0.184,0.523,128.055,6Fh0xf6gIgBJ5FyjAZmmI8,6Fh0xf6gIgBJ5FyjAZmmI8
2xJlJ7vhnt8yBfA4vwcwZW,Pakinabang,2iB7AJhJmkWkkehY9ccB0j,Ex Battalion,0GEfyKd50hzLPG93kDgsUd,430349,2019-08-05,48,0.809,0.55,2,-10.231,1,0.144,0.185,0.0,0.0558,0.837,154.987,2xJlJ7vhnt8yBfA4vwcwZW,2xJlJ7vhnt8yBfA4vwcwZW
4PV0uE5pZSh44E3NqNNDEH,Selfish,2kRfqPViCqYdSGhYSM9R0Q,Madison Beer,5oGJKFb3M2At4rwLBDFlTP,223270,2020-02-14,73,0.375,0.461,9,-6.202,1,0.0279,0.627,0.0,0.386,0.233,75.217,4PV0uE5pZSh44E3NqNNDEH,4PV0uE5pZSh44E3NqNNDEH
6J2LdBN97cDWn0MLxYh9HB,July,55fhWPvDiMpLnE4ZzNXZyW,Noah Cyrus,5Gn3fFzlWL89j0hGumtXb5,156106,2020-05-15,83,0.708,0.186,9,-8.953,0,0.042,0.868,0.0,0.0779,0.322,72.541,6J2LdBN97cDWn0MLxYh9HB,6J2LdBN97cDWn0MLxYh9HB
7AFASza1mXqntmGtbxXprO,changes,15UsOTVnJzReFVN1VCnxy4,XXXTENTACION,2Ti79nwTsont5ZHfdxIzAm,121886,2018-03-16,82,0.669,0.308,11,-10.068,1,0.029,0.883,0.0,0.0984,0.52,64.934,7AFASza1mXqntmGtbxXprO,7AFASza1mXqntmGtbxXprO
3MjUtNVVq3C8Fn0MP3zhXa,...Baby One More Time,26dSoYclwsYLMAKD3tpOr4,Britney Spears,3WNxdumkSMGMJRhEgK80qx,211066,1999-01-12,79,0.759,0.699,0,-5.745,0,0.0307,0.202,0.000131,0.443,0.907,92.96,3MjUtNVVq3C8Fn0MP3zhXa,3MjUtNVVq3C8Fn0MP3zhXa
6IIl4ylgYX3tnNlaU3IMRN,Mamma Mia - From 'Mamma Mia!' Original Motion Picture Soundtrack,2HB65P72dFRiOKvbLLcil2,Meryl Streep,2sFFuKze9fxBwXk0QHzmYF,214906,2008-01-01,0,0.746,0.848,2,-4.638,1,0.0331,0.15,2.18e-06,0.37,0.756,138.047,6IIl4ylgYX3tnNlaU3IMRN,6IIl4ylgYX3tnNlaU3IMRN
285hMzLhJwHVLe9QT9qilk,Breakeven,3AQRLZ9PuTAozP28Skbq8V,The Script,1r5J0N6Ep181K0i8YuTYgO,261426,2008-07-14,74,0.63,0.696,10,-4.501,1,0.0242,0.144,0.0,0.0835,0.491,94.034,285hMzLhJwHVLe9QT9qilk,285hMzLhJwHVLe9QT9qilk
75JFxkI2RXiU7L9VXzMkle,The Scientist,4gzpq5DPGxSnKTe4SA8HAU,Coldplay,0RHX9XECH8IVI3LNgWDpmQ,309600,2002-08-08,83,0.557,0.442,5,-7.224,1,0.0243,0.731,1.46e-05,0.11,0.213,146.277,75JFxkI2RXiU7L9VXzMkle,75JFxkI2RXiU7L9VXzMkle
2Vq4bs08YppE2hqA2vpEcr,The Man Who Can't Be Moved,3AQRLZ9PuTAozP28Skbq8V,The Script,7Lv2e6qweacdWjqrQy7UNo,241466,2008-09-08,56,0.609,0.629,10,-5.024,1,0.0264,0.425,0.0,0.0978,0.325,99.955,2Vq4bs08YppE2hqA2vpEcr,2Vq4bs08YppE2hqA2vpEcr
5Q0Nhxo0l2bP3pNjpGJwV1,Party In The U.S.A.,5YGY8feqx7naU7z4HrwZM6,Miley Cyrus,64aKkqxc3Ur2LYIKeS5osS,202066,2009-01-01,74,0.652,0.698,10,-4.667,0,0.042,0.00112,0.000115,0.0886,0.47,96.021,5Q0Nhxo0l2bP3pNjpGJwV1,5Q0Nhxo0l2bP3pNjpGJwV1
3TGRqZ0a2l1LRblBkJoaDx,Call Me Maybe,6sFIWsNpZYqfjUpaCgueju,Carly Rae Jepsen,29blfJv8AddJrjuG3DpE13,193400,2012-01-01,71,0.783,0.58,7,-6.548,1,0.0408,0.0114,2.28e-06,0.108,0.66,120.021,3TGRqZ0a2l1LRblBkJoaDx,3TGRqZ0a2l1LRblBkJoaDx
72gv4zhNvRVdQA0eOenCal,Symphony (feat. Zara Larsson),6MDME20pz9RveH9rEXvrOM,Clean Bandit,1MvF4ulZKH7SaDQs9rE5nc,212733,2018-11-30,74,0.715,0.605,0,-5.128,0,0.0428,0.239,1.41e-05,0.189,0.454,122.956,72gv4zhNvRVdQA0eOenCal,72gv4zhNvRVdQA0eOenCal
3DmW6y7wTEYHJZlLo1r6XJ,Shower,4obzFoKoKRHIphyHzJ35G3,Becky G,4JlzEvVJqpb62Xwc0EmOHr,206166,2014-04-23,80,0.699,0.529,2,-7.548,1,0.0487,0.0317,3.59e-05,0.285,0.121,119.987,3DmW6y7wTEYHJZlLo1r6XJ,3DmW6y7wTEYHJZlLo1r6XJ
5uImkHXfTLkNYwemtGH7kB,We Found Love,5pKCCKE2ajJHZ9KAiaK11H,Rihanna,0MYABBSxz6JqujXq2JBvsF,215226,2012-07-18,0,0.734,0.766,1,-4.485,1,0.0383,0.025,0.00138,0.108,0.6,127.986,5uImkHXfTLkNYwemtGH7kB,5uImkHXfTLkNYwemtGH7kB
3bidbhpOYeV4knp8AIu8Xn,Can't Hold Us - feat. Ray Dalton,5BcAKTbp20cv7tC5VqPFoC,Macklemore & Ryan Lewis,76FXHQhTuT4QMIxfL09gX8,258342,2012-10-09,84,0.641,0.922,2,-4.457,1,0.0786,0.0291,0.0,0.0862,0.847,146.078,3bidbhpOYeV4knp8AIu8Xn,3bidbhpOYeV4knp8AIu8Xn
5WQ1hIc5d2EVbRQ8qsj8Uh,Hey Ya! - Radio Mix / Club Mix,1G9G7WwrXka3Z1r7aIDjI7,Outkast,00XMrHZoOsYLmiyx890axX,235213,2003-09-23,1,0.719,0.967,0,-2.435,1,0.0552,0.0588,0.000249,0.206,0.964,79.505,5WQ1hIc5d2EVbRQ8qsj8Uh,5WQ1hIc5d2EVbRQ8qsj8Uh
6e8Ou0wiqAzIpWb2eSxll8,Miami,41qil2VaGbD194gaEcmmyx,Will Smith,2esWeP8Ln1sXA0jbDmi3Zq,197560,1997-10-03,71,0.877,0.534,1,-6.178,1,0.15,0.0339,1.67e-05,0.0441,0.89,108.17,6e8Ou0wiqAzIpWb2eSxll8,6e8Ou0wiqAzIpWb2eSxll8
5HQVUIKwCEXpe7JIHyY734,"Young, Wild & Free (feat. Bruno Mars)",7hJcb9fa4alzcOq3EaNPoG,Snoop Dogg,11Bkx3E99vf0IlYPND61LJ,207333,2011-10-11,78,0.715,0.655,0,-6.425,1,0.137,0.0525,0.0,0.115,0.531,95.078,5HQVUIKwCEXpe7JIHyY734,5HQVUIKwCEXpe7JIHyY734
1hGy2eLcmC8eKx7qr1tOqx,Beautiful Girls,6S0dmVVn4udvppDhZIWxCr,Sean Kingston,71clfVkkopYLrgweVj2cow,225373,2007-07-23,78,0.762,0.661,1,-6.075,0,0.0687,0.15,0.0,0.256,0.769,130.009,1hGy2eLcmC8eKx7qr1tOqx,1hGy2eLcmC8eKx7qr1tOqx
6HTJZ0TQJVMSKkUGzAOe2h,Old Thing Back (feat. Ja Rule and Ralph Tresvant),4YXycRbyyAE0wozTk7QMEq,Matoma,4v55njNe2owBsm6VuEiTLe,321649,2015-02-17,70,0.805,0.858,0,-3.067,1,0.105,0.194,7.89e-06,0.256,0.523,97.033,6HTJZ0TQJVMSKkUGzAOe2h,6HTJZ0TQJVMSKkUGzAOe2h
0P6AWOA4LG1XOctzaVu5tt,The Weekend - Funk Wav Remix,7tYKF4w9nC0nq9CsPZTHyP,SZA,5enEsi887wD3qGoMCK4jLr,171805,2017-12-15,76,0.775,0.573,11,-4.933,1,0.0585,0.495,0.0,0.126,0.667,101.925,0P6AWOA4LG1XOctzaVu5tt,0P6AWOA4LG1XOctzaVu5tt
5i66xrvSh1MjjyDd6zcwgj,Umbrella,5pKCCKE2ajJHZ9KAiaK11H,Rihanna,1YhbfKnjrFgnYyWz6cn9mN,275986,2007-03-31,64,0.581,0.827,1,-4.566,1,0.141,0.0101,0.0,0.0522,0.549,174.013,5i66xrvSh1MjjyDd6zcwgj,5i66xrvSh1MjjyDd6zcwgj
0nX6ncNGxaQ6FuMjhdre5Z,Tahong Ni Karla,25p1uAURmIM9Fvf8sBeZ7z,DJ Red Core,429F05e9ORzdoSRIMde54C,280346,2018-03-14,43,0.757,0.966,1,-0.122,1,0.0414,0.0268,0.0094,0.0892,0.965,139.976,0nX6ncNGxaQ6FuMjhdre5Z,0nX6ncNGxaQ6FuMjhdre5Z
1GRL6bAJi2kFxqYkGgyOo5,Kikay,0JJ5TK4o8IGxYub8jXrxwW,Viva Hot Babes,1O6dGRYYShNo1lvEGp4Twh,230506,2005-01-25,36,0.764,0.977,0,-7.086,0,0.133,0.0899,0.0,0.481,0.655,144.928,1GRL6bAJi2kFxqYkGgyOo5,1GRL6bAJi2kFxqYkGgyOo5
4SJqmUafhrk16PTRIZAOfI,Bagay Tayo,0WleeEe3UurwlNbDGhb5Yz,ALLMO$T,75yYYVbhsJn3dDXUDoNKp4,397033,2018-11-28,0,0.804,0.557,0,-8.658,1,0.163,0.322,0.0,0.106,0.645,100.053,4SJqmUafhrk16PTRIZAOfI,4SJqmUafhrk16PTRIZAOfI
6fWTVk29yvFEqE5VY6Gslk,Dalaga,0WleeEe3UurwlNbDGhb5Yz,ALLMO$T,0JT2JvI2g4p7fR4DyxjjO0,297966,2018-01-01,0,0.939,0.497,1,-10.441,1,0.0767,0.529,9.11e-05,0.0895,0.588,109.976,6fWTVk29yvFEqE5VY6Gslk,6fWTVk29yvFEqE5VY6Gslk
6nwbeeIRFElLBAUsao67WF,Venus,6eGQ0qPUlGBjmRgyQ84g3f,Ron Henley,3EBaFuLWz683qD1H4WDhJL,323720,2013-01-01,16,0.608,0.825,1,-6.875,0,0.12,0.146,1.36e-05,0.173,0.857,156.08,6nwbeeIRFElLBAUsao67WF,6nwbeeIRFElLBAUsao67WF
7L97IYrrPoodGNTs5cKU7E,Kiat Jud Dong,25p1uAURmIM9Fvf8sBeZ7z,DJ Red Core,30uObqEktf9kGc7HTqi0mk,257201,2018-03-21,36,0.803,0.999,5,1.077,1,0.0516,0.000883,0.11,0.0673,0.948,139.998,7L97IYrrPoodGNTs5cKU7E,7L97IYrrPoodGNTs5cKU7E
3E5CIRWsRgJF2CtTqPNwv3,Neneng B,3lFMRWaEWZlfXdBig97kks,Nik Makino,4aqeztI6Xa3zDLBSGcOGP3,358015,2019-05-15,55,0.848,0.447,5,-10.56,0,0.0781,0.242,0.0,0.0858,0.353,117.959,3E5CIRWsRgJF2CtTqPNwv3,3E5CIRWsRgJF2CtTqPNwv3
5OSKhv2UWoy8aqQ2tkaTHd,Shoot-Shoot,6TcTgRYJBQzadIFeXXWA3I,Andrew E.,4LKizltBwXmX5wRsEHEbEY,318960,2004-12-01,53,0.949,0.613,10,-9.185,1,0.0389,0.0721,0.0,0.0706,0.965,119.01,5OSKhv2UWoy8aqQ2tkaTHd,5OSKhv2UWoy8aqQ2tkaTHd
3uoEsMvgRoJH5zhuRyKWRy,Sinabmarin,6TcTgRYJBQzadIFeXXWA3I,Andrew E.,04cXd0eztVcr4HZozzaGyI,317640,2002-01-28,49,0.984,0.608,5,-8.757,1,0.0553,0.0106,0.0,0.118,0.972,114.648,3uoEsMvgRoJH5zhuRyKWRy,3uoEsMvgRoJH5zhuRyKWRy
7oAWVjyYupPLseK0AxpUH2,Stupid Love performed by Salbakutah,6TcTgRYJBQzadIFeXXWA3I,Andrew E.,0Ckxh7Szw8TLrOV7BQmGb3,324586,2002-01-06,0,0.762,0.621,10,-7.673,1,0.0742,0.299,2.11e-06,0.0743,0.714,74.094,7oAWVjyYupPLseK0AxpUH2,7oAWVjyYupPLseK0AxpUH2
6xvL0d8T7T9QXjkgtl1A2W,"My Banyo Queen (ah-ah, umh-umh) featuring: Rica Peralejo",6TcTgRYJBQzadIFeXXWA3I,Andrew E.,0Ckxh7Szw8TLrOV7BQmGb3,350853,2002-01-06,0,0.972,0.749,2,-7.482,1,0.0555,0.00914,0.00124,0.0474,0.973,115.195,6xvL0d8T7T9QXjkgtl1A2W,6xvL0d8T7T9QXjkgtl1A2W
4Aor9l4tiok1Llkbu0vREb,Puhon,7LvDTuFCBv08xm6u1pOMK0,TJ Monterde,3UIpxG2NXaGzMuA9rNQjSK,240167,2020-05-14,55,0.524,0.583,7,-4.947,1,0.0717,0.403,0.0,0.0845,0.691,179.758,4Aor9l4tiok1Llkbu0vREb,4Aor9l4tiok1Llkbu0vREb
5MLHrfkkG63uju6aSRXV5t,Happy Break Up,1dpv0XBdgUa5z4vzn7ahIz,Donnalyn,4mt4VFgi0RNDNMJxa4pKmb,238280,2015-09-11,0,0.712,0.722,5,-3.414,1,0.0487,0.447,0.0,0.0844,0.668,124.953,5MLHrfkkG63uju6aSRXV5t,5MLHrfkkG63uju6aSRXV5t
3o2i5lJIHshmbL62vSzVMv,Nararahuyo,1SrWbIDP84JcSDr0oTBAQw,Matthaios,0rwZF21j5rI8VUpaYa9h9d,156923,2020-10-07,53,0.524,0.331,4,-11.344,1,0.326,0.622,0.0,0.141,0.407,86.872,3o2i5lJIHshmbL62vSzVMv,3o2i5lJIHshmbL62vSzVMv
56jsZwNZbS1jSkzkvkTKD8,Sakin Ka Na Lang,1d3ddJGqIC75OXxC3dIEb7,DJ Loonyo,25CEodZK8dmdaRitnoq7Mh,204251,2021-01-24,29,0.809,0.572,1,-5.513,1,0.0488,0.293,0.0,0.131,0.821,146.049,56jsZwNZbS1jSkzkvkTKD8,56jsZwNZbS1jSkzkvkTKD8
3FAJ6O0NOHQV8Mc5Ri6ENp,Heartbreak Anniversary,4fxd5Ee7UefO4CUXgwJ7IP,Giveon,1zHR48K6XtWYm6bhrw4J6C,198370,2020-03-27,92,0.449,0.465,0,-8.964,1,0.0791,0.524,1.02e-06,0.303,0.543,89.087,3FAJ6O0NOHQV8Mc5Ri6ENp,3FAJ6O0NOHQV8Mc5Ri6ENp
6jg5SRvdGxvJ0DzNV0UqEK,Please Don't Go,2KsP6tYLJlTBvSUxnwlVWa,Mike Posner,2nnIlWcriIqcJtjduWcTRl,196813,2010-08-09,80,0.699,0.882,4,-3.896,0,0.0311,0.00296,0.0544,0.13,0.657,120.016,6jg5SRvdGxvJ0DzNV0UqEK,6jg5SRvdGxvJ0DzNV0UqEK
6nQYJuqhIW2zKWAv1rZPM6,Kiss (Never Let Me Go),4VkqlQl3hGhxjchI34xp2V,Thyro,2LYmVp9WBKnBIgStuk99cr,259120,2011-11-29,68,0.618,0.652,0,-2.971,1,0.0313,0.0711,0.0,0.216,0.507,139.902,6nQYJuqhIW2zKWAv1rZPM6,6nQYJuqhIW2zKWAv1rZPM6
3uMR1lX5XkPgkr6lBS1eOr,Aking Prinsesa,6hoGQXDWXmzPEC7z74t4kv,Gimme 5,1qBBxzNBrDVhNWNLB1Ylvc,245967,2014-01-01,41,0.763,0.481,10,-8.206,1,0.0272,0.188,0.0,0.116,0.572,93.002,3uMR1lX5XkPgkr6lBS1eOr,3uMR1lX5XkPgkr6lBS1eOr
3FBC8bH3x25AeM2O6oI0pz,Bright Man Unta Ka,0P2SwYpgjmmZkMZ63nj82v,Al Moralde,5sbXBOvMJbiNXk93YDQGkR,210697,2018-10-05,29,0.826,0.381,1,-12.269,1,0.0738,0.168,6.43e-05,0.111,0.329,110.003,3FBC8bH3x25AeM2O6oI0pz,3FBC8bH3x25AeM2O6oI0pz
0en1kxNAvVQxLpbteRTG7L,Ulap,7dFzqx2qyelGPiBKmdSEOT,Rob Deniel,6ciETtX9ufaXBFRClmnnNG,405738,2020-09-13,68,0.655,0.385,1,-8.967,0,0.0355,0.398,0.00564,0.112,0.429,120.016,0en1kxNAvVQxLpbteRTG7L,0en1kxNAvVQxLpbteRTG7L
2X5AFygz5SDYlXagyPw8kX,Binibini,67IN4cLJ7798gUapyZlmac,Zack Tabudlo,0oJLtle44OSumLZj1WDEf0,221538,2021-03-26,79,0.642,0.374,5,-10.606,1,0.032,0.423,1.54e-06,0.435,0.0979,129.863,2X5AFygz5SDYlXagyPw8kX,2X5AFygz5SDYlXagyPw8kX
56gHhHljFU1VBtxF6S0tYZ,Pangako,53qa1XIZ6pZuhrGDetCGew,Kyle Echarri,0tzp7tPxwZovKthwgkvGZU,247960,2018-10-13,47,0.669,0.794,1,-6.968,1,0.0528,0.197,0.0,0.0833,0.665,100.022,56gHhHljFU1VBtxF6S0tYZ,56gHhHljFU1VBtxF6S0tYZ
35unzCfhT0U4gYcCgdf9DX,Sigurado,67IN4cLJ7798gUapyZlmac,Zack Tabudlo,3XogEmDvNKbXTIYkoZgG5V,235471,2020-12-04,61,0.734,0.413,7,-8.973,1,0.0316,0.0984,0.0,0.28,0.68,105.98,35unzCfhT0U4gYcCgdf9DX,35unzCfhT0U4gYcCgdf9DX
1RrB5dq2qeF4c7QTxn5WAH,Sayaw Mga Choy (Math Dance Challenge),31i11xjYdkhOySZC9L2JPO,DjDanz Remix,7mt0iOcuUPvLFXfzZMvfse,246370,2018-04-22,36,0.954,0.891,0,-8.748,0,0.1,0.0185,0.0598,0.0276,0.967,140.032,1RrB5dq2qeF4c7QTxn5WAH,1RrB5dq2qeF4c7QTxn5WAH
5o8cCkXEApqlvWmJTw9EyR,Budots Mix No. 1,24e432msaVQMe5Im63Npxp,Mr. Budots,5omcm2mxLmVkg3StuLjl4c,231744,2019-03-15,33,0.724,0.924,2,-6.44,1,0.04,0.000451,0.8,0.0339,0.926,139.04,5o8cCkXEApqlvWmJTw9EyR,5o8cCkXEApqlvWmJTw9EyR
0bp9G3Ba9IAoWF3pZr28th,Miss Taga San Ka?,25p1uAURmIM9Fvf8sBeZ7z,DJ Red Core,30uObqEktf9kGc7HTqi0mk,234475,2018-03-21,24,0.815,0.989,0,-0.071,1,0.0555,0.00565,0.296,0.0926,0.765,139.99,0bp9G3Ba9IAoWF3pZr28th,0bp9G3Ba9IAoWF3pZr28th
1YkzA4XAhpRT7dBv71mbMH,Dyosa,00xU4wfephkJrjwJPDvfkf,O.C. Dawgs,4hYkC52IYsJ3weVnbaXtpB,272184,2021-04-19,58,0.629,0.841,11,-5.055,1,0.215,0.062,0.0,0.112,0.702,154.997,1YkzA4XAhpRT7dBv71mbMH,1YkzA4XAhpRT7dBv71mbMH
3UHPGOkUcE4hE7sqBF4Snt,Film out,3Nrfpe0tUJi4K4DXYWgMUX,BTS,2jae5Jx8Yh1WjP1K4wTFUa,214620,2021-04-01,86,0.499,0.709,10,-6.404,1,0.134,0.296,0.0,0.331,0.314,164.032,3UHPGOkUcE4hE7sqBF4Snt,3UHPGOkUcE4hE7sqBF4Snt
0ztDBQdQmdVZvorSmIjMih,Tagpuan,0rZRTXEmmPmx6gt92tBqIc,Moira Dela Torre,05rQadwAVYTpNNnBoeTuj0,260240,2018-02-19,62,0.566,0.121,8,-8.206,1,0.0345,0.862,0.0,0.0788,0.293,135.268,0ztDBQdQmdVZvorSmIjMih,0ztDBQdQmdVZvorSmIjMih
2BgD4nRyx9EZ5o8YEnjRSV,Kung 'Di Rin Lang Ikaw,4qFxP3qN9GsnZDOkAE6x2m,December Avenue,15ufxdU6r8niuSmA9nu3ly,267759,2018-07-22,66,0.502,0.482,4,-4.736,1,0.0288,0.161,0.0,0.187,0.132,133.894,2BgD4nRyx9EZ5o8YEnjRSV,2BgD4nRyx9EZ5o8YEnjRSV
1X4l4i472kW5ofFP8Xo0x0,Sana,7tKpXx21KVUOR6vvDs6xtg,I Belong to the Zoo,4njOhY51h2CBqdAX4o41U1,277098,2018-04-25,66,0.66,0.373,7,-7.874,1,0.029,0.701,0.0,0.226,0.348,126.887,1X4l4i472kW5ofFP8Xo0x0,1X4l4i472kW5ofFP8Xo0x0
5jLEQLkEU8Sb2fG5UQcwDM,Ako Muna,0DnjaQqb436AH1idffI6CQ,Yeng Constantino,3CZcvxE3YyYqjF8XfvaQzn,222063,2018-03-23,56,0.547,0.573,6,-5.184,1,0.0311,0.576,0.000153,0.0676,0.193,135.991,5jLEQLkEU8Sb2fG5UQcwDM,5jLEQLkEU8Sb2fG5UQcwDM
0gDRtumoR9ZrvAlnniToMz,Ikaw At Ako,0rZRTXEmmPmx6gt92tBqIc,Moira Dela Torre,397zfeJ75BlnjfUEkgtwlG,269876,2019-01-14,64,0.445,0.355,4,-7.351,1,0.0289,0.887,0.00179,0.322,0.366,135.525,0gDRtumoR9ZrvAlnniToMz,0gDRtumoR9ZrvAlnniToMz
6xQs6y6CpDqK9VKCktApEL,Hiling,2JEIN1g27pZdm3hKB9EwE5,Mark Carpio,6E5TwOXhw6KyhX4P0p9vdK,235009,2015-01-15,59,0.58,0.244,4,-9.917,1,0.0361,0.808,0.0,0.092,0.385,82.121,6xQs6y6CpDqK9VKCktApEL,6xQs6y6CpDqK9VKCktApEL
4Yp1a9HZjtnNCd577RLYp2,Kay Tagal,2JEIN1g27pZdm3hKB9EwE5,Mark Carpio,6E5TwOXhw6KyhX4P0p9vdK,219966,2015-01-15,52,0.684,0.42,2,-8.32,1,0.0308,0.721,0.0,0.119,0.308,121.966,4Yp1a9HZjtnNCd577RLYp2,4Yp1a9HZjtnNCd577RLYp2
22l6ZMCgWB1wfd1GOBe3wm,Ikaw,0DnjaQqb436AH1idffI6CQ,Yeng Constantino,18HwRqjM9HspE97kn9oUBI,284920,2014-10-30,59,0.654,0.336,10,-7.21,1,0.0307,0.575,0.0,0.0784,0.105,120.027,22l6ZMCgWB1wfd1GOBe3wm,22l6ZMCgWB1wfd1GOBe3wm
2OqQDFY4MgzkAoAZ67CscA,Sundo,6MXu7TWZnmykwkXiRJeUMh,Imago,2WNYwZg6JlIjSkQGq0fggk,243653,2007,56,0.493,0.515,9,-6.551,1,0.0232,0.468,1.27e-05,0.0873,0.334,79.987,2OqQDFY4MgzkAoAZ67CscA,2OqQDFY4MgzkAoAZ67CscA
3nQtkvFMNkRwxjKVAlGPcG,Torete,2kZThDGZcHl4klYYFk0v8n,Moonstar88,2CZhWHzzLkNUtfONjbKOy1,264202,2001,58,0.358,0.4,2,-8.172,1,0.0269,0.219,0.0,0.0738,0.311,88.239,3nQtkvFMNkRwxjKVAlGPcG,3nQtkvFMNkRwxjKVAlGPcG
01YEqVPCm0vqRLA9w43bic,Hanggang Kailan,1t2caVgyabZrVDAlmMGraV,Michael Pangilinan,2fI8PsKYLPMt9Gv4NVrtjk,230453,2016-08-19,55,0.404,0.174,9,-10.192,1,0.0312,0.893,0.0,0.0977,0.324,87.636,01YEqVPCm0vqRLA9w43bic,01YEqVPCm0vqRLA9w43bic
0Vmk6Ebk4QBq7r0VAz2a6s,Bakit Ba Ikaw,1t2caVgyabZrVDAlmMGraV,Michael Pangilinan,2fI8PsKYLPMt9Gv4NVrtjk,245586,2016-08-19,61,0.668,0.48,10,-5.469,1,0.0284,0.549,0.0,0.112,0.277,119.903,0Vmk6Ebk4QBq7r0VAz2a6s,0Vmk6Ebk4QBq7r0VAz2a6s
4eNvchiaWf4Glh0AT2exds,Akin Ka Na Lang - Himig Handog Pop Lovesongs 2014 Version,62WbvkXqQGvXQvw74GU3kQ,Morissette,2FDaAHJmC2h9G29zQG6mvc,258876,2015-01-01,58,0.508,0.537,7,-6.689,1,0.0275,0.153,8.6e-06,0.15,0.16,129.9,4eNvchiaWf4Glh0AT2exds,4eNvchiaWf4Glh0AT2exds
6NFKf8vBApSvtzkapYmnVR,Tadhana,3wbCeEPAW6po7J46netxMT,Up Dharma Down,4SjshYHT8OeSHB6zun2Hxx,222446,2012-12-07,65,0.686,0.322,6,-13.2,1,0.0369,0.165,0.0296,0.0809,0.511,155.982,6NFKf8vBApSvtzkapYmnVR,6NFKf8vBApSvtzkapYmnVR
7sW3f7PqDV7BQ7qqeVBJIA,Migraine,2kZThDGZcHl4klYYFk0v8n,Moonstar88,0rw3b1VJPAMs9zq4ncP43K,267560,2008-04-10,56,0.662,0.546,2,-5.868,1,0.0288,0.204,2.82e-06,0.12,0.196,115.053,7sW3f7PqDV7BQ7qqeVBJIA,7sW3f7PqDV7BQ7qqeVBJIA
468iB1VWvEy9ln8M9zdde6,Tayo Na Lang Dalawa,7lIVjtsgz0y1oRQFBAVNzq,Mayonnaise,4V1wdlWzWsSPbgXrgipsPS,185066,2014-04-20,53,0.52,0.969,1,-3.612,1,0.0331,4.47e-05,0.00232,0.157,0.63,97.598,468iB1VWvEy9ln8M9zdde6,468iB1VWvEy9ln8M9zdde6
2RzdvVrhZdoa3PyrU0NTLp,Nadarang - Campfire Mix,7aD2Ni3fUu66gklUFlvJi5,Kyle Juliano,1Cp6WvebwVCLQ9x1siodOm,234813,2018-03-26,48,0.816,0.539,0,-8.247,1,0.0378,0.765,7.78e-06,0.102,0.456,118.057,2RzdvVrhZdoa3PyrU0NTLp,2RzdvVrhZdoa3PyrU0NTLp
5akCBj5rIZRL4UHuFOIqeH,Letting You Go,6MCW0S6GvMj7QaaH9sckgi,JBK,3jcVbDn0TMYiYUh9Gom64J,245741,2015-10-24,18,0.604,0.411,9,-11.275,1,0.0353,0.381,0.0,0.108,0.402,157.949,5akCBj5rIZRL4UHuFOIqeH,5akCBj5rIZRL4UHuFOIqeH
5nMKJJ5Rl6X1yn58aVeICO,Bulong,4qFxP3qN9GsnZDOkAE6x2m,December Avenue,6anqXAk4NZxdkUwvpfUqsB,270233,2018-04-08,61,0.5,0.728,9,-5.472,0,0.0313,0.0319,0.0,0.0782,0.351,134.877,5nMKJJ5Rl6X1yn58aVeICO,5nMKJJ5Rl6X1yn58aVeICO
0YyM8aEdbjGfLWPn6fdcn7,Pasensya Ka Na,4nGp682WMiKS4X217kPw8C,Silent Sanctuary,38jqi8VvSax4miNL2cacD1,241029,2015-04-08,62,0.696,0.262,11,-15.073,1,0.031,0.519,0.0,0.0669,0.265,84.007,0YyM8aEdbjGfLWPn6fdcn7,0YyM8aEdbjGfLWPn6fdcn7
7hoP5NDUXEbmOawvEAsi8h,'Di Na Babalik,5HIZU0JzM0AgfItVOm4E08,This Band,0pFRzLxgSt9QlXKuukR8A4,340262,2019-02-03,56,0.358,0.435,10,-7.265,1,0.0349,0.00819,0.000936,0.112,0.14,76.132,7hoP5NDUXEbmOawvEAsi8h,7hoP5NDUXEbmOawvEAsi8h
29xs643Q96uQLD8f7SxYYw,Sa'yo,4nGp682WMiKS4X217kPw8C,Silent Sanctuary,4xxRoePLdITFIhrzUhmOaQ,253360,2013-06-11,61,0.567,0.0896,5,-12.944,1,0.0343,0.796,0.0,0.218,0.367,79.002,29xs643Q96uQLD8f7SxYYw,29xs643Q96uQLD8f7SxYYw
4JSDhJVmo2UqdF7nxbyenn,Kung Wala Ka,6Ww3OMFzCaO33ulKh1LBFN,Hale,4iaCi771IT9I2xwtnXnjlx,242800,2004,64,0.5,0.339,7,-7.301,1,0.0263,0.71,0.00222,0.108,0.152,136.427,4JSDhJVmo2UqdF7nxbyenn,4JSDhJVmo2UqdF7nxbyenn
04Fqdekvehn72zJ4lJbEH7,Bitaw Na,5HIZU0JzM0AgfItVOm4E08,This Band,6dS94m5s8bnluYm3V22Kyu,283616,2018-06-22,42,0.412,0.275,6,-9.222,0,0.029,0.558,3.46e-05,0.093,0.0583,132.439,04Fqdekvehn72zJ4lJbEH7,04Fqdekvehn72zJ4lJbEH7
6M21eWbEw74XDdoQsNIinq,Malaya (Camp Sawi Original Motion Picture Soundtrack),0rZRTXEmmPmx6gt92tBqIc,Moira Dela Torre,52xu8EP3ABmpNk0LUzF3ih,254249,2017-09-18,57,0.374,0.125,7,-14.847,1,0.0383,0.852,4.66e-06,0.321,0.108,114.694,6M21eWbEw74XDdoQsNIinq,6M21eWbEw74XDdoQsNIinq
0087fDVeNhuyMtST91RMjv,Kundiman,4nGp682WMiKS4X217kPw8C,Silent Sanctuary,08SEZDvRXrrNs1C2y73MLi,339053,2007,62,0.335,0.571,11,-4.711,1,0.0243,0.564,0.0,0.137,0.454,93.572,0087fDVeNhuyMtST91RMjv,0087fDVeNhuyMtST91RMjv
7KmzW7UbwR6A55r41gm6Ql,Ako Na Lang Sana,2JEIN1g27pZdm3hKB9EwE5,Mark Carpio,4OjSngmnQzhHMiGIGFw3HE,259218,2018-06-22,48,0.615,0.263,2,-9.82,1,0.0394,0.826,0.0,0.0893,0.25,140.099,7KmzW7UbwR6A55r41gm6Ql,7KmzW7UbwR6A55r41gm6Ql
1QVWRQ0BO4G1B4DgFjrACF,Mamang Sorbetero,20gOeXI8NLUKdSr9Z4YeD6,Celeste Legaspi,2KBHVVEv5kMMf6DQxU7FrG,190666,1992,40,0.609,0.598,8,-10.444,1,0.0503,0.56,0.0,0.0382,0.936,115.804,1QVWRQ0BO4G1B4DgFjrACF,1QVWRQ0BO4G1B4DgFjrACF
5kqM2lbiX2slirLnrDSdCt,"Awitin Mo, Isasayaw Ko",1JygQfeB7OmzophGsgNwSb,VST & Company,6VpKKzwkXVe9gg4YbmdqCQ,277706,2009-03-25,30,0.566,0.871,6,-7.151,0,0.0466,0.15,0.000216,0.37,0.799,128.185,5kqM2lbiX2slirLnrDSdCt,5kqM2lbiX2slirLnrDSdCt
7oOIs6pzk5fMql78Lgs4Pi,Bonggahan,1KoRj2ZFjBc0xgcgMNBMIX,Sampaguita,1EuSaEzmgtu9FR8a5mK00G,223826,2010-09-08,42,0.571,0.884,0,-12.663,1,0.0442,0.00799,0.0195,0.244,0.889,143.021,7oOIs6pzk5fMql78Lgs4Pi,7oOIs6pzk5fMql78Lgs4Pi
1s4r5fwkBFuFDeUdR1umx7,Bongga Ka Day,4sEykiNSzZbkFkNXTb1bVd,Hotdog,4YHeIyLIYt18RRo97uhpAl,217133,2005,39,0.658,0.766,1,-6.541,1,0.184,0.0103,0.729,0.121,0.605,141.519,1s4r5fwkBFuFDeUdR1umx7,1s4r5fwkBFuFDeUdR1umx7
4rbTLk6Za209EkwVT2EZnN,Sasakyan Kita,5NqQvTp9nZcQgLQQEMpoJF,K And The Boxers,5DC6mdnkS4l5eFMGm90bXc,238880,2004-02-13,0,0.805,0.947,2,-6.195,1,0.035,0.22,0.0,0.0481,0.994,129.939,4rbTLk6Za209EkwVT2EZnN,4rbTLk6Za209EkwVT2EZnN
1qbZmjpHNGxXIPaQwknb2W,Kawawang Cowboy,3cwuv0AjI1Fjg207lf6zan,FRED PANOPIO,3WA4GAghnPPqIjAwEeIqva,185000,2009-03-06,44,0.728,0.319,2,-14.638,1,0.0314,0.445,0.00122,0.18,0.67,114.092,1qbZmjpHNGxXIPaQwknb2W,1qbZmjpHNGxXIPaQwknb2W
45e0GCdfTuj0xTpmIAhdnm,Pitong Gatang,3cwuv0AjI1Fjg207lf6zan,FRED PANOPIO,3WA4GAghnPPqIjAwEeIqva,182666,2009-03-06,44,0.754,0.372,5,-15.724,1,0.0371,0.63,0.000109,0.0911,0.913,111.42,45e0GCdfTuj0xTpmIAhdnm,45e0GCdfTuj0xTpmIAhdnm
7Lq3Lv6khoDcAyjGnwsg9F,Kahit Maputi Na Ang Buhok Ko,5xWPJKDLLSDaz7K7tSMTFu,REY VALERA,6WRsGlNxTFPXqqGaUmbTpc,205320,2008-03-07,54,0.571,0.387,5,-13.198,1,0.0256,0.723,0.000881,0.131,0.39,100.373,7Lq3Lv6khoDcAyjGnwsg9F,7Lq3Lv6khoDcAyjGnwsg9F
5ZKXBmeYQSmY3ILjYsKmtP,Iniibig Kita,0IyeWjNLB0Lxw0MgCEZtHw,Roel Cortez,1Pb8Z97tlTbH8EJqowIryq,237333,1992,43,0.433,0.194,9,-17.945,1,0.0319,0.537,0.0,0.104,0.441,107.849,5ZKXBmeYQSmY3ILjYsKmtP,5ZKXBmeYQSmY3ILjYsKmtP
1J8zl48DmwesarxM6jPcTG,Halik,65kpH75MFCBJhLy7qvVl6A,Aegis,4XxPSJzYOgLTyv6EWV77Pa,217913,2002-10-21,49,0.431,0.604,2,-5.797,1,0.0464,0.528,0.0,0.0755,0.345,139.438,1J8zl48DmwesarxM6jPcTG,1J8zl48DmwesarxM6jPcTG
2QM5OqmH1YBdv5LjiOokUU,Sa Mata Makikita,0IyeWjNLB0Lxw0MgCEZtHw,Roel Cortez,1Pb8Z97tlTbH8EJqowIryq,239666,1992,43,0.634,0.26,4,-17.988,1,0.0336,0.38,0.000244,0.32,0.61,126.726,2QM5OqmH1YBdv5LjiOokUU,2QM5OqmH1YBdv5LjiOokUU
38ZZhzGbNFHaoCXwcr1til,Masdan Mo Ang Kapaligiran,5pbdyhkEpMobD6Fs6h729Q,Asin,1DLHuML1V6afbdpzvR0Thb,245173,1994-10-15,48,0.529,0.484,4,-10.348,1,0.0342,0.787,3.59e-06,0.141,0.571,81.053,38ZZhzGbNFHaoCXwcr1til,38ZZhzGbNFHaoCXwcr1til
4gUjuLMQsfXaiGa205PeF4,Tutulungan Kita,0IyeWjNLB0Lxw0MgCEZtHw,Roel Cortez,1Pb8Z97tlTbH8EJqowIryq,186160,1992,39,0.618,0.276,1,-16.382,1,0.0315,0.081,0.0,0.0868,0.551,111.169,4gUjuLMQsfXaiGa205PeF4,4gUjuLMQsfXaiGa205PeF4
3G93FPNLq6WAuUYMzzHhnd,Luha,65kpH75MFCBJhLy7qvVl6A,Aegis,4XxPSJzYOgLTyv6EWV77Pa,214047,2002-10-21,48,0.403,0.58,9,-6.503,1,0.0308,0.126,0.0,0.119,0.32,134.852,3G93FPNLq6WAuUYMzzHhnd,3G93FPNLq6WAuUYMzzHhnd
6u6QRD49NH71kiwNQM1ez7,Sumayaw Sumunod,1WHYTMWSXn7ix7PAO82FEX,The Boyfriends,1vGuMWLzC77OJm4FtNp4v6,197407,2001,50,0.631,0.568,4,-12.701,0,0.117,0.0298,0.000228,0.312,0.845,129.388,6u6QRD49NH71kiwNQM1ez7,6u6QRD49NH71kiwNQM1ez7
4LmFbVr0exXOwaaokq8uqQ,Magsayawan,1JygQfeB7OmzophGsgNwSb,VST & Company,0qFWT397hjpWz7swjRRF2f,187000,2008-09-18,45,0.697,0.546,0,-12.769,1,0.0395,0.0298,0.0646,0.15,0.75,129.18,4LmFbVr0exXOwaaokq8uqQ,4LmFbVr0exXOwaaokq8uqQ
4CnDvEKOs2AaIRpkY4qk3A,T.L. Ako Sa'yo,65QcnpMJFv1yogXwoOe97v,Cinderella,5NUNvO4C2QfbWAsyiDW0NW,186000,2009-09-03,46,0.655,0.314,3,-13.556,1,0.0288,0.742,5.49e-05,0.215,0.614,74.51,4CnDvEKOs2AaIRpkY4qk3A,4CnDvEKOs2AaIRpkY4qk3A
6FE5H2W6buf34HJTNjku8Y,Paniwalaan,1PI4WlIlSXjbueFblPqWnT,Blue Jeans,5kfWY8YCeiSzsPoYZBHTVk,214506,1989-10-15,45,0.549,0.197,11,-17.897,1,0.0318,0.234,0.0922,0.301,0.409,78.071,6FE5H2W6buf34HJTNjku8Y,6FE5H2W6buf34HJTNjku8Y
6Lu8szXQi6SmCLzGHHndYQ,Basang-Basa Sa Ulan,65kpH75MFCBJhLy7qvVl6A,Aegis,4XxPSJzYOgLTyv6EWV77Pa,255817,2002-10-21,47,0.321,0.509,11,-6.453,1,0.0288,0.304,1.3e-06,0.134,0.507,140.523,6Lu8szXQi6SmCLzGHHndYQ,6Lu8szXQi6SmCLzGHHndYQ
1EUwAVD9G2rrBYiOKRVcIe,Sinta,65kpH75MFCBJhLy7qvVl6A,Aegis,4XxPSJzYOgLTyv6EWV77Pa,232333,2002-10-21,43,0.341,0.561,9,-7.223,1,0.0316,0.3,0.0,0.105,0.598,141.032,1EUwAVD9G2rrBYiOKRVcIe,1EUwAVD9G2rrBYiOKRVcIe
